[{"model": "admin.logentry", "pk": 6, "fields": {"action_time": "2025-04-29T12:19:53.392Z", "user": 3, "content_type": 4, "object_id": "3", "object_repr": "veselovese", "action_flag": 2, "change_message": "[{\"changed\": {\"fields\": [\"First name\", \"Last name\"]}}]"}}, {"model": "admin.logentry", "pk": 7, "fields": {"action_time": "2025-04-29T12:20:06.779Z", "user": 3, "content_type": 7, "object_id": "2", "object_repr": "Profile object (2)", "action_flag": 2, "change_message": "[{\"changed\": {\"fields\": [\"\\u041e\\u0442\\u0447\\u0435\\u0441\\u0442\\u0432\\u043e\", \"\\u0422\\u0435\\u043b\\u0435\\u0444\\u043e\\u043d\", \"\\u041e\\u0440\\u0433\\u0430\\u043d\\u0438\\u0437\\u0430\\u0442\\u043e\\u0440\"]}}]"}}, {"model": "admin.logentry", "pk": 8, "fields": {"action_time": "2025-04-29T12:20:46.606Z", "user": 3, "content_type": 4, "object_id": "4", "object_repr": "Roman_Zuev42", "action_flag": 1, "change_message": "[{\"added\": {}}]"}}, {"model": "admin.logentry", "pk": 9, "fields": {"action_time": "2025-04-29T12:21:11.152Z", "user": 3, "content_type": 4, "object_id": "4", "object_repr": "Roman_Zuev42", "action_flag": 2, "change_message": "[{\"changed\": {\"fields\": [\"First name\", \"Last name\", \"Email address\"]}}]"}}, {"model": "admin.logentry", "pk": 10, "fields": {"action_time": "2025-04-29T12:21:20.011Z", "user": 3, "content_type": 4, "object_id": "2", "object_repr": "Alla_Fedoseeva", "action_flag": 2, "change_message": "[]"}}, {"model": "admin.logentry", "pk": 11, "fields": {"action_time": "2025-04-29T12:22:39.607Z", "user": 3, "content_type": 4, "object_id": "5", "object_repr": "yuliana.noskova", "action_flag": 1, "change_message": "[{\"added\": {}}]"}}, {"model": "admin.logentry", "pk": 12, "fields": {"action_time": "2025-04-29T12:22:54.697Z", "user": 3, "content_type": 4, "object_id": "5", "object_repr": "yuliana.noskova", "action_flag": 2, "change_message": "[{\"changed\": {\"fields\": [\"First name\", \"Last name\", \"Email address\"]}}]"}}, {"model": "admin.logentry", "pk": 13, "fields": {"action_time": "2025-04-29T12:23:20.182Z", "user": 3, "content_type": 7, "object_id": "4", "object_repr": "Profile object (4)", "action_flag": 2, "change_message": "[{\"changed\": {\"fields\": [\"\\u041e\\u0442\\u0447\\u0435\\u0441\\u0442\\u0432\\u043e\", \"\\u0422\\u0435\\u043b\\u0435\\u0444\\u043e\\u043d\"]}}]"}}, {"model": "admin.logentry", "pk": 14, "fields": {"action_time": "2025-04-29T12:23:38.713Z", "user": 3, "content_type": 7, "object_id": "3", "object_repr": "Profile object (3)", "action_flag": 2, "change_message": "[{\"changed\": {\"fields\": [\"\\u041e\\u0442\\u0447\\u0435\\u0441\\u0442\\u0432\\u043e\", \"\\u0422\\u0435\\u043b\\u0435\\u0444\\u043e\\u043d\"]}}]"}}, {"model": "admin.logentry", "pk": 15, "fields": {"action_time": "2025-04-29T12:24:07.098Z", "user": 3, "content_type": 4, "object_id": "6", "object_repr": "milana78", "action_flag": 1, "change_message": "[{\"added\": {}}]"}}, {"model": "admin.logentry", "pk": 16, "fields": {"action_time": "2025-04-29T12:24:20.573Z", "user": 3, "content_type": 7, "object_id": "5", "object_repr": "Profile object (5)", "action_flag": 2, "change_message": "[{\"changed\": {\"fields\": [\"\\u041e\\u0442\\u0447\\u0435\\u0441\\u0442\\u0432\\u043e\", \"\\u0422\\u0435\\u043b\\u0435\\u0444\\u043e\\u043d\"]}}]"}}, {"model": "admin.logentry", "pk": 17, "fields": {"action_time": "2025-04-29T12:24:36.107Z", "user": 3, "content_type": 4, "object_id": "6", "object_repr": "milana78", "action_flag": 2, "change_message": "[{\"changed\": {\"fields\": [\"First name\", \"Last name\", \"Email address\"]}}]"}}, {"model": "admin.logentry", "pk": 18, "fields": {"action_time": "2025-04-29T12:25:15.638Z", "user": 3, "content_type": 4, "object_id": "7", "object_repr": "ekaterina1972", "action_flag": 1, "change_message": "[{\"added\": {}}]"}}, {"model": "admin.logentry", "pk": 19, "fields": {"action_time": "2025-04-29T12:25:26.475Z", "user": 3, "content_type": 4, "object_id": "7", "object_repr": "ekaterina1972", "action_flag": 2, "change_message": "[{\"changed\": {\"fields\": [\"First name\", \"Last name\", \"Email address\"]}}]"}}, {"model": "admin.logentry", "pk": 20, "fields": {"action_time": "2025-04-29T12:25:37.634Z", "user": 3, "content_type": 7, "object_id": "6", "object_repr": "Profile object (6)", "action_flag": 2, "change_message": "[{\"changed\": {\"fields\": [\"\\u041e\\u0442\\u0447\\u0435\\u0441\\u0442\\u0432\\u043e\", \"\\u0422\\u0435\\u043b\\u0435\\u0444\\u043e\\u043d\"]}}]"}}, {"model": "admin.logentry", "pk": 21, "fields": {"action_time": "2025-04-29T12:25:58.199Z", "user": 3, "content_type": 4, "object_id": "8", "object_repr": "yuriy21111977", "action_flag": 1, "change_message": "[{\"added\": {}}]"}}, {"model": "admin.logentry", "pk": 22, "fields": {"action_time": "2025-04-29T12:26:10.428Z", "user": 3, "content_type": 4, "object_id": "8", "object_repr": "yuriy21111977", "action_flag": 2, "change_message": "[{\"changed\": {\"fields\": [\"First name\", \"Last name\", \"Email address\"]}}]"}}, {"model": "admin.logentry", "pk": 23, "fields": {"action_time": "2025-04-29T12:26:24.385Z", "user": 3, "content_type": 7, "object_id": "7", "object_repr": "Profile object (7)", "action_flag": 2, "change_message": "[{\"changed\": {\"fields\": [\"\\u041e\\u0442\\u0447\\u0435\\u0441\\u0442\\u0432\\u043e\", \"\\u0422\\u0435\\u043b\\u0435\\u0444\\u043e\\u043d\"]}}]"}}, {"model": "admin.logentry", "pk": 24, "fields": {"action_time": "2025-04-29T12:26:47.360Z", "user": 3, "content_type": 4, "object_id": "9", "object_repr": "kirill04071990", "action_flag": 1, "change_message": "[{\"added\": {}}]"}}, {"model": "admin.logentry", "pk": 25, "fields": {"action_time": "2025-04-29T12:26:59.139Z", "user": 3, "content_type": 4, "object_id": "9", "object_repr": "kirill04071990", "action_flag": 2, "change_message": "[{\"changed\": {\"fields\": [\"First name\", \"Last name\", \"Email address\"]}}]"}}, {"model": "admin.logentry", "pk": 26, "fields": {"action_time": "2025-04-29T12:27:08.537Z", "user": 3, "content_type": 7, "object_id": "8", "object_repr": "Profile object (8)", "action_flag": 2, "change_message": "[{\"changed\": {\"fields\": [\"\\u041e\\u0442\\u0447\\u0435\\u0441\\u0442\\u0432\\u043e\", \"\\u0422\\u0435\\u043b\\u0435\\u0444\\u043e\\u043d\"]}}]"}}, {"model": "admin.logentry", "pk": 27, "fields": {"action_time": "2025-04-29T12:27:27.773Z", "user": 3, "content_type": 4, "object_id": "10", "object_repr": "milana08031989", "action_flag": 1, "change_message": "[{\"added\": {}}]"}}, {"model": "admin.logentry", "pk": 28, "fields": {"action_time": "2025-04-29T12:27:37.539Z", "user": 3, "content_type": 4, "object_id": "10", "object_repr": "milana08031989", "action_flag": 2, "change_message": "[{\"changed\": {\"fields\": [\"First name\", \"Last name\", \"Email address\"]}}]"}}, {"model": "admin.logentry", "pk": 29, "fields": {"action_time": "2025-04-29T12:27:47.515Z", "user": 3, "content_type": 7, "object_id": "9", "object_repr": "Profile object (9)", "action_flag": 2, "change_message": "[{\"changed\": {\"fields\": [\"\\u041e\\u0442\\u0447\\u0435\\u0441\\u0442\\u0432\\u043e\", \"\\u0422\\u0435\\u043b\\u0435\\u0444\\u043e\\u043d\"]}}]"}}, {"model": "admin.logentry", "pk": 30, "fields": {"action_time": "2025-04-29T12:28:05.549Z", "user": 3, "content_type": 4, "object_id": "11", "object_repr": "eva1960", "action_flag": 1, "change_message": "[{\"added\": {}}]"}}, {"model": "admin.logentry", "pk": 31, "fields": {"action_time": "2025-04-29T12:28:16.514Z", "user": 3, "content_type": 4, "object_id": "11", "object_repr": "eva1960", "action_flag": 2, "change_message": "[{\"changed\": {\"fields\": [\"First name\", \"Last name\", \"Email address\"]}}]"}}, {"model": "admin.logentry", "pk": 32, "fields": {"action_time": "2025-04-29T12:28:26.891Z", "user": 3, "content_type": 7, "object_id": "10", "object_repr": "Profile object (10)", "action_flag": 2, "change_message": "[{\"changed\": {\"fields\": [\"\\u041e\\u0442\\u0447\\u0435\\u0441\\u0442\\u0432\\u043e\", \"\\u0422\\u0435\\u043b\\u0435\\u0444\\u043e\\u043d\"]}}]"}}, {"model": "admin.logentry", "pk": 33, "fields": {"action_time": "2025-04-29T12:36:54.364Z", "user": 3, "content_type": 4, "object_id": "2", "object_repr": "Alla_Fedoseeva", "action_flag": 2, "change_message": "[]"}}, {"model": "admin.logentry", "pk": 34, "fields": {"action_time": "2025-04-30T18:42:52.386Z", "user": 3, "content_type": 8, "object_id": "1", "object_repr": "Building object (1)", "action_flag": 1, "change_message": "[{\"added\": {}}]"}}, {"model": "admin.logentry", "pk": 35, "fields": {"action_time": "2025-04-30T18:44:07.832Z", "user": 3, "content_type": 8, "object_id": "2", "object_repr": "Building object (2)", "action_flag": 1, "change_message": "[{\"added\": {}}]"}}, {"model": "admin.logentry", "pk": 36, "fields": {"action_time": "2025-04-30T18:44:22.432Z", "user": 3, "content_type": 8, "object_id": "3", "object_repr": "Building object (3)", "action_flag": 1, "change_message": "[{\"added\": {}}]"}}, {"model": "admin.logentry", "pk": 37, "fields": {"action_time": "2025-04-30T18:44:36.407Z", "user": 3, "content_type": 8, "object_id": "4", "object_repr": "Building object (4)", "action_flag": 1, "change_message": "[{\"added\": {}}]"}}, {"model": "admin.logentry", "pk": 38, "fields": {"action_time": "2025-04-30T18:44:44.914Z", "user": 3, "content_type": 8, "object_id": "5", "object_repr": "Building object (5)", "action_flag": 1, "change_message": "[{\"added\": {}}]"}}, {"model": "admin.logentry", "pk": 39, "fields": {"action_time": "2025-04-30T18:45:01.607Z", "user": 3, "content_type": 8, "object_id": "6", "object_repr": "Building object (6)", "action_flag": 1, "change_message": "[{\"added\": {}}]"}}, {"model": "admin.logentry", "pk": 40, "fields": {"action_time": "2025-04-30T18:45:10.393Z", "user": 3, "content_type": 8, "object_id": "7", "object_repr": "Building object (7)", "action_flag": 1, "change_message": "[{\"added\": {}}]"}}, {"model": "admin.logentry", "pk": 41, "fields": {"action_time": "2025-04-30T18:45:19.948Z", "user": 3, "content_type": 8, "object_id": "8", "object_repr": "Building object (8)", "action_flag": 1, "change_message": "[{\"added\": {}}]"}}, {"model": "admin.logentry", "pk": 42, "fields": {"action_time": "2025-04-30T18:45:38.570Z", "user": 3, "content_type": 8, "object_id": "9", "object_repr": "Building object (9)", "action_flag": 1, "change_message": "[{\"added\": {}}]"}}, {"model": "admin.logentry", "pk": 43, "fields": {"action_time": "2025-04-30T18:45:53.030Z", "user": 3, "content_type": 8, "object_id": "10", "object_repr": "Building object (10)", "action_flag": 1, "change_message": "[{\"added\": {}}]"}}, {"model": "admin.logentry", "pk": 44, "fields": {"action_time": "2025-04-30T18:48:26.179Z", "user": 3, "content_type": 10, "object_id": "1", "object_repr": "ItemInEvents object (1)", "action_flag": 1, "change_message": "[{\"added\": {}}]"}}, {"model": "admin.logentry", "pk": 45, "fields": {"action_time": "2025-04-30T18:48:34.433Z", "user": 3, "content_type": 10, "object_id": "2", "object_repr": "ItemInEvents object (2)", "action_flag": 1, "change_message": "[{\"added\": {}}]"}}, {"model": "admin.logentry", "pk": 46, "fields": {"action_time": "2025-04-30T18:48:40.627Z", "user": 3, "content_type": 10, "object_id": "3", "object_repr": "ItemInEvents object (3)", "action_flag": 1, "change_message": "[{\"added\": {}}]"}}, {"model": "admin.logentry", "pk": 47, "fields": {"action_time": "2025-04-30T18:48:50.686Z", "user": 3, "content_type": 10, "object_id": "4", "object_repr": "ItemInEvents object (4)", "action_flag": 1, "change_message": "[{\"added\": {}}]"}}, {"model": "admin.logentry", "pk": 48, "fields": {"action_time": "2025-04-30T18:48:54.936Z", "user": 3, "content_type": 10, "object_id": "5", "object_repr": "ItemInEvents object (5)", "action_flag": 1, "change_message": "[{\"added\": {}}]"}}, {"model": "admin.logentry", "pk": 49, "fields": {"action_time": "2025-04-30T18:49:00.762Z", "user": 3, "content_type": 10, "object_id": "6", "object_repr": "ItemInEvents object (6)", "action_flag": 1, "change_message": "[{\"added\": {}}]"}}, {"model": "admin.logentry", "pk": 50, "fields": {"action_time": "2025-04-30T18:49:12.209Z", "user": 3, "content_type": 10, "object_id": "7", "object_repr": "ItemInEvents object (7)", "action_flag": 1, "change_message": "[{\"added\": {}}]"}}, {"model": "admin.logentry", "pk": 51, "fields": {"action_time": "2025-04-30T18:49:20.739Z", "user": 3, "content_type": 10, "object_id": "8", "object_repr": "ItemInEvents object (8)", "action_flag": 1, "change_message": "[{\"added\": {}}]"}}, {"model": "admin.logentry", "pk": 52, "fields": {"action_time": "2025-04-30T18:49:36.880Z", "user": 3, "content_type": 10, "object_id": "9", "object_repr": "ItemInEvents object (9)", "action_flag": 1, "change_message": "[{\"added\": {}}]"}}, {"model": "admin.logentry", "pk": 53, "fields": {"action_time": "2025-04-30T18:49:48.188Z", "user": 3, "content_type": 10, "object_id": "10", "object_repr": "ItemInEvents object (10)", "action_flag": 1, "change_message": "[{\"added\": {}}]"}}, {"model": "admin.logentry", "pk": 54, "fields": {"action_time": "2025-04-30T18:51:10.730Z", "user": 3, "content_type": 11, "object_id": "1", "object_repr": "ItemInSpaces object (1)", "action_flag": 1, "change_message": "[{\"added\": {}}]"}}, {"model": "admin.logentry", "pk": 55, "fields": {"action_time": "2025-04-30T18:51:14.981Z", "user": 3, "content_type": 11, "object_id": "2", "object_repr": "ItemInSpaces object (2)", "action_flag": 1, "change_message": "[{\"added\": {}}]"}}, {"model": "admin.logentry", "pk": 56, "fields": {"action_time": "2025-04-30T18:51:17.284Z", "user": 3, "content_type": 11, "object_id": "3", "object_repr": "ItemInSpaces object (3)", "action_flag": 1, "change_message": "[{\"added\": {}}]"}}, {"model": "admin.logentry", "pk": 57, "fields": {"action_time": "2025-04-30T18:51:23.434Z", "user": 3, "content_type": 11, "object_id": "4", "object_repr": "ItemInSpaces object (4)", "action_flag": 1, "change_message": "[{\"added\": {}}]"}}, {"model": "admin.logentry", "pk": 58, "fields": {"action_time": "2025-04-30T18:51:26.107Z", "user": 3, "content_type": 11, "object_id": "5", "object_repr": "ItemInSpaces object (5)", "action_flag": 1, "change_message": "[{\"added\": {}}]"}}, {"model": "admin.logentry", "pk": 59, "fields": {"action_time": "2025-04-30T18:51:31.680Z", "user": 3, "content_type": 11, "object_id": "6", "object_repr": "ItemInSpaces object (6)", "action_flag": 1, "change_message": "[{\"added\": {}}]"}}, {"model": "admin.logentry", "pk": 60, "fields": {"action_time": "2025-04-30T18:51:38.193Z", "user": 3, "content_type": 11, "object_id": "7", "object_repr": "ItemInSpaces object (7)", "action_flag": 1, "change_message": "[{\"added\": {}}]"}}, {"model": "admin.logentry", "pk": 61, "fields": {"action_time": "2025-04-30T18:51:50.472Z", "user": 3, "content_type": 11, "object_id": "8", "object_repr": "ItemInSpaces object (8)", "action_flag": 1, "change_message": "[{\"added\": {}}]"}}, {"model": "admin.logentry", "pk": 62, "fields": {"action_time": "2025-04-30T18:51:54.558Z", "user": 3, "content_type": 11, "object_id": "9", "object_repr": "ItemInSpaces object (9)", "action_flag": 1, "change_message": "[{\"added\": {}}]"}}, {"model": "admin.logentry", "pk": 63, "fields": {"action_time": "2025-04-30T18:52:02.124Z", "user": 3, "content_type": 11, "object_id": "10", "object_repr": "ItemInSpaces object (10)", "action_flag": 1, "change_message": "[{\"added\": {}}]"}}, {"model": "admin.logentry", "pk": 64, "fields": {"action_time": "2025-04-30T18:52:14.197Z", "user": 3, "content_type": 11, "object_id": "11", "object_repr": "ItemInSpaces object (11)", "action_flag": 1, "change_message": "[{\"added\": {}}]"}}, {"model": "admin.logentry", "pk": 65, "fields": {"action_time": "2025-04-30T18:52:19.653Z", "user": 3, "content_type": 11, "object_id": "9", "object_repr": "ItemInSpaces object (9)", "action_flag": 2, "change_message": "[]"}}, {"model": "admin.logentry", "pk": 66, "fields": {"action_time": "2025-04-30T18:52:23.285Z", "user": 3, "content_type": 11, "object_id": "8", "object_repr": "ItemInSpaces object (8)", "action_flag": 3, "change_message": ""}}, {"model": "admin.logentry", "pk": 67, "fields": {"action_time": "2025-04-30T18:53:59.084Z", "user": 3, "content_type": 10, "object_id": "10", "object_repr": "ItemInEvents object (10)", "action_flag": 3, "change_message": ""}}, {"model": "admin.logentry", "pk": 68, "fields": {"action_time": "2025-04-30T18:53:59.085Z", "user": 3, "content_type": 10, "object_id": "9", "object_repr": "ItemInEvents object (9)", "action_flag": 3, "change_message": ""}}, {"model": "admin.logentry", "pk": 69, "fields": {"action_time": "2025-04-30T18:53:59.085Z", "user": 3, "content_type": 10, "object_id": "8", "object_repr": "ItemInEvents object (8)", "action_flag": 3, "change_message": ""}}, {"model": "admin.logentry", "pk": 70, "fields": {"action_time": "2025-04-30T18:53:59.085Z", "user": 3, "content_type": 10, "object_id": "7", "object_repr": "ItemInEvents object (7)", "action_flag": 3, "change_message": ""}}, {"model": "admin.logentry", "pk": 71, "fields": {"action_time": "2025-04-30T18:53:59.085Z", "user": 3, "content_type": 10, "object_id": "6", "object_repr": "ItemInEvents object (6)", "action_flag": 3, "change_message": ""}}, {"model": "admin.logentry", "pk": 72, "fields": {"action_time": "2025-04-30T18:53:59.085Z", "user": 3, "content_type": 10, "object_id": "5", "object_repr": "ItemInEvents object (5)", "action_flag": 3, "change_message": ""}}, {"model": "admin.logentry", "pk": 73, "fields": {"action_time": "2025-04-30T18:53:59.085Z", "user": 3, "content_type": 10, "object_id": "4", "object_repr": "ItemInEvents object (4)", "action_flag": 3, "change_message": ""}}, {"model": "admin.logentry", "pk": 74, "fields": {"action_time": "2025-04-30T18:53:59.085Z", "user": 3, "content_type": 10, "object_id": "3", "object_repr": "ItemInEvents object (3)", "action_flag": 3, "change_message": ""}}, {"model": "admin.logentry", "pk": 75, "fields": {"action_time": "2025-04-30T18:53:59.085Z", "user": 3, "content_type": 10, "object_id": "2", "object_repr": "ItemInEvents object (2)", "action_flag": 3, "change_message": ""}}, {"model": "admin.logentry", "pk": 76, "fields": {"action_time": "2025-04-30T18:53:59.085Z", "user": 3, "content_type": 10, "object_id": "1", "object_repr": "ItemInEvents object (1)", "action_flag": 3, "change_message": ""}}, {"model": "admin.logentry", "pk": 77, "fields": {"action_time": "2025-04-30T18:54:05.978Z", "user": 3, "content_type": 10, "object_id": "11", "object_repr": "ItemInEvents object (11)", "action_flag": 1, "change_message": "[{\"added\": {}}]"}}, {"model": "admin.logentry", "pk": 78, "fields": {"action_time": "2025-04-30T18:54:08.956Z", "user": 3, "content_type": 10, "object_id": "12", "object_repr": "ItemInEvents object (12)", "action_flag": 1, "change_message": "[{\"added\": {}}]"}}, {"model": "admin.logentry", "pk": 79, "fields": {"action_time": "2025-04-30T18:54:20.589Z", "user": 3, "content_type": 10, "object_id": "13", "object_repr": "ItemInEvents object (13)", "action_flag": 1, "change_message": "[{\"added\": {}}]"}}, {"model": "admin.logentry", "pk": 80, "fields": {"action_time": "2025-04-30T18:54:27.821Z", "user": 3, "content_type": 10, "object_id": "14", "object_repr": "ItemInEvents object (14)", "action_flag": 1, "change_message": "[{\"added\": {}}]"}}, {"model": "admin.logentry", "pk": 81, "fields": {"action_time": "2025-04-30T18:54:34.212Z", "user": 3, "content_type": 10, "object_id": "15", "object_repr": "ItemInEvents object (15)", "action_flag": 1, "change_message": "[{\"added\": {}}]"}}, {"model": "admin.logentry", "pk": 82, "fields": {"action_time": "2025-04-30T18:54:40.616Z", "user": 3, "content_type": 10, "object_id": "16", "object_repr": "ItemInEvents object (16)", "action_flag": 1, "change_message": "[{\"added\": {}}]"}}, {"model": "admin.logentry", "pk": 83, "fields": {"action_time": "2025-04-30T18:54:46.854Z", "user": 3, "content_type": 10, "object_id": "17", "object_repr": "ItemInEvents object (17)", "action_flag": 1, "change_message": "[{\"added\": {}}]"}}, {"model": "admin.logentry", "pk": 84, "fields": {"action_time": "2025-04-30T18:54:52.840Z", "user": 3, "content_type": 10, "object_id": "18", "object_repr": "ItemInEvents object (18)", "action_flag": 1, "change_message": "[{\"added\": {}}]"}}, {"model": "admin.logentry", "pk": 85, "fields": {"action_time": "2025-04-30T18:54:56.168Z", "user": 3, "content_type": 10, "object_id": "19", "object_repr": "ItemInEvents object (19)", "action_flag": 1, "change_message": "[{\"added\": {}}]"}}, {"model": "admin.logentry", "pk": 86, "fields": {"action_time": "2025-04-30T18:55:00.462Z", "user": 3, "content_type": 10, "object_id": "20", "object_repr": "ItemInEvents object (20)", "action_flag": 1, "change_message": "[{\"added\": {}}]"}}, {"model": "admin.logentry", "pk": 87, "fields": {"action_time": "2025-04-30T18:56:43.986Z", "user": 3, "content_type": 13, "object_id": "1", "object_repr": "Organizer object (1)", "action_flag": 1, "change_message": "[{\"added\": {}}]"}}, {"model": "admin.logentry", "pk": 88, "fields": {"action_time": "2025-04-30T18:57:13.598Z", "user": 3, "content_type": 13, "object_id": "2", "object_repr": "Organizer object (2)", "action_flag": 1, "change_message": "[{\"added\": {}}]"}}, {"model": "admin.logentry", "pk": 89, "fields": {"action_time": "2025-04-30T18:57:27.855Z", "user": 3, "content_type": 13, "object_id": "3", "object_repr": "Organizer object (3)", "action_flag": 1, "change_message": "[{\"added\": {}}]"}}, {"model": "admin.logentry", "pk": 90, "fields": {"action_time": "2025-04-30T18:57:39.726Z", "user": 3, "content_type": 13, "object_id": "4", "object_repr": "Organizer object (4)", "action_flag": 1, "change_message": "[{\"added\": {}}]"}}, {"model": "admin.logentry", "pk": 91, "fields": {"action_time": "2025-04-30T18:58:03.187Z", "user": 3, "content_type": 13, "object_id": "5", "object_repr": "Organizer object (5)", "action_flag": 1, "change_message": "[{\"added\": {}}]"}}, {"model": "admin.logentry", "pk": 92, "fields": {"action_time": "2025-04-30T18:58:14.389Z", "user": 3, "content_type": 13, "object_id": "6", "object_repr": "Organizer object (6)", "action_flag": 1, "change_message": "[{\"added\": {}}]"}}, {"model": "admin.logentry", "pk": 93, "fields": {"action_time": "2025-04-30T18:58:25.055Z", "user": 3, "content_type": 13, "object_id": "7", "object_repr": "Organizer object (7)", "action_flag": 1, "change_message": "[{\"added\": {}}]"}}, {"model": "admin.logentry", "pk": 94, "fields": {"action_time": "2025-04-30T18:58:44.232Z", "user": 3, "content_type": 13, "object_id": "8", "object_repr": "Organizer object (8)", "action_flag": 1, "change_message": "[{\"added\": {}}]"}}, {"model": "admin.logentry", "pk": 95, "fields": {"action_time": "2025-04-30T18:58:55.235Z", "user": 3, "content_type": 13, "object_id": "9", "object_repr": "Organizer object (9)", "action_flag": 1, "change_message": "[{\"added\": {}}]"}}, {"model": "admin.logentry", "pk": 96, "fields": {"action_time": "2025-04-30T18:59:06.714Z", "user": 3, "content_type": 13, "object_id": "10", "object_repr": "Organizer object (10)", "action_flag": 1, "change_message": "[{\"added\": {}}]"}}, {"model": "admin.logentry", "pk": 97, "fields": {"action_time": "2025-04-30T18:59:16.026Z", "user": 3, "content_type": 4, "object_id": "9", "object_repr": "kirill04071990", "action_flag": 2, "change_message": "[{\"changed\": {\"name\": \"\\u0414\\u043e\\u043f\\u043e\\u043b\\u043d\\u0438\\u0442\\u0435\\u043b\\u044c\\u043d\\u0430\\u044f \\u0438\\u043d\\u0444\\u043e\\u0440\\u043c\\u0430\\u0446\\u0438\\u044f \\u043e \\u043f\\u043e\\u043b\\u044c\\u0437\\u043e\\u0432\\u0430\\u0442\\u0435\\u043b\\u044f\\u0445\", \"object\": \"Profile object (8)\", \"fields\": [\"\\u041e\\u0440\\u0433\\u0430\\u043d\\u0438\\u0437\\u0430\\u0442\\u043e\\u0440\"]}}]"}}, {"model": "admin.logentry", "pk": 98, "fields": {"action_time": "2025-04-30T19:08:49.144Z", "user": 3, "content_type": 15, "object_id": "1", "object_repr": "Space object (1)", "action_flag": 1, "change_message": "[{\"added\": {}}]"}}, {"model": "admin.logentry", "pk": 99, "fields": {"action_time": "2025-04-30T19:09:21.342Z", "user": 3, "content_type": 15, "object_id": "2", "object_repr": "Space object (2)", "action_flag": 1, "change_message": "[{\"added\": {}}]"}}, {"model": "admin.logentry", "pk": 100, "fields": {"action_time": "2025-04-30T19:10:09.299Z", "user": 3, "content_type": 15, "object_id": "3", "object_repr": "Space object (3)", "action_flag": 1, "change_message": "[{\"added\": {}}]"}}, {"model": "admin.logentry", "pk": 101, "fields": {"action_time": "2025-04-30T19:10:40.827Z", "user": 3, "content_type": 15, "object_id": "4", "object_repr": "Space object (4)", "action_flag": 1, "change_message": "[{\"added\": {}}]"}}, {"model": "admin.logentry", "pk": 102, "fields": {"action_time": "2025-04-30T19:11:25.399Z", "user": 3, "content_type": 15, "object_id": "5", "object_repr": "Space object (5)", "action_flag": 1, "change_message": "[{\"added\": {}}]"}}, {"model": "admin.logentry", "pk": 103, "fields": {"action_time": "2025-04-30T19:11:53.793Z", "user": 3, "content_type": 15, "object_id": "6", "object_repr": "Space object (6)", "action_flag": 1, "change_message": "[{\"added\": {}}]"}}, {"model": "admin.logentry", "pk": 104, "fields": {"action_time": "2025-04-30T19:12:27.314Z", "user": 3, "content_type": 15, "object_id": "7", "object_repr": "Space object (7)", "action_flag": 1, "change_message": "[{\"added\": {}}]"}}, {"model": "admin.logentry", "pk": 105, "fields": {"action_time": "2025-04-30T19:13:05.400Z", "user": 3, "content_type": 15, "object_id": "8", "object_repr": "Space object (8)", "action_flag": 1, "change_message": "[{\"added\": {}}]"}}, {"model": "admin.logentry", "pk": 106, "fields": {"action_time": "2025-04-30T19:13:46.249Z", "user": 3, "content_type": 15, "object_id": "9", "object_repr": "Space object (9)", "action_flag": 1, "change_message": "[{\"added\": {}}]"}}, {"model": "admin.logentry", "pk": 107, "fields": {"action_time": "2025-04-30T19:14:42.042Z", "user": 3, "content_type": 15, "object_id": "10", "object_repr": "Space object (10)", "action_flag": 1, "change_message": "[{\"added\": {}}]"}}, {"model": "admin.logentry", "pk": 108, "fields": {"action_time": "2025-04-30T19:28:04.847Z", "user": 3, "content_type": 9, "object_id": "1", "object_repr": "Event object (1)", "action_flag": 1, "change_message": "[{\"added\": {}}]"}}, {"model": "admin.logentry", "pk": 109, "fields": {"action_time": "2025-04-30T19:29:19.166Z", "user": 3, "content_type": 9, "object_id": "2", "object_repr": "Event object (2)", "action_flag": 1, "change_message": "[{\"added\": {}}]"}}, {"model": "admin.logentry", "pk": 110, "fields": {"action_time": "2025-04-30T19:29:52.870Z", "user": 3, "content_type": 9, "object_id": "3", "object_repr": "Event object (3)", "action_flag": 1, "change_message": "[{\"added\": {}}]"}}, {"model": "admin.logentry", "pk": 111, "fields": {"action_time": "2025-04-30T19:30:24.665Z", "user": 3, "content_type": 9, "object_id": "4", "object_repr": "Event object (4)", "action_flag": 1, "change_message": "[{\"added\": {}}]"}}, {"model": "admin.logentry", "pk": 112, "fields": {"action_time": "2025-04-30T19:31:11.502Z", "user": 3, "content_type": 9, "object_id": "5", "object_repr": "Event object (5)", "action_flag": 1, "change_message": "[{\"added\": {}}]"}}, {"model": "admin.logentry", "pk": 113, "fields": {"action_time": "2025-04-30T19:31:52.276Z", "user": 3, "content_type": 9, "object_id": "6", "object_repr": "Event object (6)", "action_flag": 1, "change_message": "[{\"added\": {}}]"}}, {"model": "admin.logentry", "pk": 114, "fields": {"action_time": "2025-04-30T19:32:38.850Z", "user": 3, "content_type": 9, "object_id": "7", "object_repr": "Event object (7)", "action_flag": 1, "change_message": "[{\"added\": {}}]"}}, {"model": "admin.logentry", "pk": 115, "fields": {"action_time": "2025-04-30T19:33:06.345Z", "user": 3, "content_type": 9, "object_id": "8", "object_repr": "Event object (8)", "action_flag": 1, "change_message": "[{\"added\": {}}]"}}, {"model": "admin.logentry", "pk": 116, "fields": {"action_time": "2025-04-30T19:33:46.645Z", "user": 3, "content_type": 9, "object_id": "9", "object_repr": "Event object (9)", "action_flag": 1, "change_message": "[{\"added\": {}}]"}}, {"model": "admin.logentry", "pk": 117, "fields": {"action_time": "2025-04-30T19:34:36.233Z", "user": 3, "content_type": 9, "object_id": "10", "object_repr": "Event object (10)", "action_flag": 1, "change_message": "[{\"added\": {}}]"}}, {"model": "admin.logentry", "pk": 118, "fields": {"action_time": "2025-05-02T10:11:20.617Z", "user": 3, "content_type": 19, "object_id": "1", "object_repr": "SpacesReview object (1)", "action_flag": 1, "change_message": "[{\"added\": {}}]"}}, {"model": "admin.logentry", "pk": 119, "fields": {"action_time": "2025-05-02T10:11:45.542Z", "user": 3, "content_type": 19, "object_id": "2", "object_repr": "SpacesReview object (2)", "action_flag": 1, "change_message": "[{\"added\": {}}]"}}, {"model": "admin.logentry", "pk": 120, "fields": {"action_time": "2025-05-02T10:12:08.565Z", "user": 3, "content_type": 19, "object_id": "3", "object_repr": "SpacesReview object (3)", "action_flag": 1, "change_message": "[{\"added\": {}}]"}}, {"model": "admin.logentry", "pk": 121, "fields": {"action_time": "2025-05-02T10:13:10.374Z", "user": 3, "content_type": 19, "object_id": "4", "object_repr": "SpacesReview object (4)", "action_flag": 1, "change_message": "[{\"added\": {}}]"}}, {"model": "admin.logentry", "pk": 122, "fields": {"action_time": "2025-05-02T10:13:21.714Z", "user": 3, "content_type": 19, "object_id": "5", "object_repr": "SpacesReview object (5)", "action_flag": 1, "change_message": "[{\"added\": {}}]"}}, {"model": "admin.logentry", "pk": 123, "fields": {"action_time": "2025-05-02T10:13:33.638Z", "user": 3, "content_type": 19, "object_id": "6", "object_repr": "SpacesReview object (6)", "action_flag": 1, "change_message": "[{\"added\": {}}]"}}, {"model": "admin.logentry", "pk": 124, "fields": {"action_time": "2025-05-02T10:13:43.668Z", "user": 3, "content_type": 19, "object_id": "7", "object_repr": "SpacesReview object (7)", "action_flag": 1, "change_message": "[{\"added\": {}}]"}}, {"model": "admin.logentry", "pk": 125, "fields": {"action_time": "2025-05-02T10:13:53.062Z", "user": 3, "content_type": 19, "object_id": "8", "object_repr": "SpacesReview object (8)", "action_flag": 1, "change_message": "[{\"added\": {}}]"}}, {"model": "admin.logentry", "pk": 126, "fields": {"action_time": "2025-05-02T10:14:06.656Z", "user": 3, "content_type": 19, "object_id": "9", "object_repr": "SpacesReview object (9)", "action_flag": 1, "change_message": "[{\"added\": {}}]"}}, {"model": "admin.logentry", "pk": 127, "fields": {"action_time": "2025-05-02T10:14:23.881Z", "user": 3, "content_type": 19, "object_id": "10", "object_repr": "SpacesReview object (10)", "action_flag": 1, "change_message": "[{\"added\": {}}]"}}, {"model": "admin.logentry", "pk": 128, "fields": {"action_time": "2025-05-02T10:14:38.703Z", "user": 3, "content_type": 19, "object_id": "11", "object_repr": "SpacesReview object (11)", "action_flag": 1, "change_message": "[{\"added\": {}}]"}}, {"model": "admin.logentry", "pk": 129, "fields": {"action_time": "2025-05-02T10:19:06.215Z", "user": 3, "content_type": 18, "object_id": "1", "object_repr": "Booking object (1)", "action_flag": 1, "change_message": "[{\"added\": {}}]"}}, {"model": "admin.logentry", "pk": 130, "fields": {"action_time": "2025-05-02T10:19:31.336Z", "user": 3, "content_type": 18, "object_id": "2", "object_repr": "Booking object (2)", "action_flag": 1, "change_message": "[{\"added\": {}}]"}}, {"model": "admin.logentry", "pk": 131, "fields": {"action_time": "2025-05-02T10:19:50.403Z", "user": 3, "content_type": 18, "object_id": "3", "object_repr": "Booking object (3)", "action_flag": 1, "change_message": "[{\"added\": {}}]"}}, {"model": "admin.logentry", "pk": 132, "fields": {"action_time": "2025-05-02T10:20:07.969Z", "user": 3, "content_type": 18, "object_id": "4", "object_repr": "Booking object (4)", "action_flag": 1, "change_message": "[{\"added\": {}}]"}}, {"model": "admin.logentry", "pk": 133, "fields": {"action_time": "2025-05-02T10:20:27.313Z", "user": 3, "content_type": 18, "object_id": "5", "object_repr": "Booking object (5)", "action_flag": 1, "change_message": "[{\"added\": {}}]"}}, {"model": "admin.logentry", "pk": 134, "fields": {"action_time": "2025-05-02T10:20:53.780Z", "user": 3, "content_type": 18, "object_id": "6", "object_repr": "Booking object (6)", "action_flag": 1, "change_message": "[{\"added\": {}}]"}}, {"model": "admin.logentry", "pk": 135, "fields": {"action_time": "2025-05-02T10:21:19.177Z", "user": 3, "content_type": 18, "object_id": "7", "object_repr": "Booking object (7)", "action_flag": 1, "change_message": "[{\"added\": {}}]"}}, {"model": "admin.logentry", "pk": 136, "fields": {"action_time": "2025-05-02T10:21:34.824Z", "user": 3, "content_type": 18, "object_id": "8", "object_repr": "Booking object (8)", "action_flag": 1, "change_message": "[{\"added\": {}}]"}}, {"model": "admin.logentry", "pk": 137, "fields": {"action_time": "2025-05-02T10:21:56.510Z", "user": 3, "content_type": 18, "object_id": "9", "object_repr": "Booking object (9)", "action_flag": 1, "change_message": "[{\"added\": {}}]"}}, {"model": "admin.logentry", "pk": 138, "fields": {"action_time": "2025-05-02T10:22:21.992Z", "user": 3, "content_type": 18, "object_id": "10", "object_repr": "Booking object (10)", "action_flag": 1, "change_message": "[{\"added\": {}}]"}}, {"model": "admin.logentry", "pk": 139, "fields": {"action_time": "2025-05-02T10:25:33.640Z", "user": 3, "content_type": 18, "object_id": "9", "object_repr": "Booking object (9)", "action_flag": 2, "change_message": "[{\"changed\": {\"fields\": [\"\\u0414\\u0430\\u0442\\u0430 \\u043d\\u0430\\u0447\\u0430\\u043b\\u0430 \\u0431\\u0440\\u043e\\u043d\\u0438\", \"\\u0414\\u0430\\u0442\\u0430 \\u043a\\u043e\\u043d\\u0446\\u0430 \\u0431\\u0440\\u043e\\u043d\\u0438\"]}}]"}}, {"model": "admin.logentry", "pk": 140, "fields": {"action_time": "2025-05-02T10:25:45.601Z", "user": 3, "content_type": 18, "object_id": "6", "object_repr": "Booking object (6)", "action_flag": 2, "change_message": "[{\"changed\": {\"fields\": [\"\\u0414\\u0430\\u0442\\u0430 \\u043d\\u0430\\u0447\\u0430\\u043b\\u0430 \\u0431\\u0440\\u043e\\u043d\\u0438\", \"\\u0414\\u0430\\u0442\\u0430 \\u043a\\u043e\\u043d\\u0446\\u0430 \\u0431\\u0440\\u043e\\u043d\\u0438\"]}}]"}}, {"model": "admin.logentry", "pk": 141, "fields": {"action_time": "2025-05-02T10:25:56.408Z", "user": 3, "content_type": 18, "object_id": "4", "object_repr": "Booking object (4)", "action_flag": 2, "change_message": "[{\"changed\": {\"fields\": [\"\\u0414\\u0430\\u0442\\u0430 \\u043d\\u0430\\u0447\\u0430\\u043b\\u0430 \\u0431\\u0440\\u043e\\u043d\\u0438\", \"\\u0414\\u0430\\u0442\\u0430 \\u043a\\u043e\\u043d\\u0446\\u0430 \\u0431\\u0440\\u043e\\u043d\\u0438\"]}}]"}}, {"model": "admin.logentry", "pk": 142, "fields": {"action_time": "2025-05-02T10:26:08.395Z", "user": 3, "content_type": 18, "object_id": "2", "object_repr": "Booking object (2)", "action_flag": 2, "change_message": "[{\"changed\": {\"fields\": [\"\\u0414\\u0430\\u0442\\u0430 \\u043d\\u0430\\u0447\\u0430\\u043b\\u0430 \\u0431\\u0440\\u043e\\u043d\\u0438\", \"\\u0414\\u0430\\u0442\\u0430 \\u043a\\u043e\\u043d\\u0446\\u0430 \\u0431\\u0440\\u043e\\u043d\\u0438\"]}}]"}}, {"model": "admin.logentry", "pk": 143, "fields": {"action_time": "2025-05-02T10:26:16.796Z", "user": 3, "content_type": 18, "object_id": "1", "object_repr": "Booking object (1)", "action_flag": 2, "change_message": "[{\"changed\": {\"fields\": [\"\\u0414\\u0430\\u0442\\u0430 \\u043d\\u0430\\u0447\\u0430\\u043b\\u0430 \\u0431\\u0440\\u043e\\u043d\\u0438\", \"\\u0414\\u0430\\u0442\\u0430 \\u043a\\u043e\\u043d\\u0446\\u0430 \\u0431\\u0440\\u043e\\u043d\\u0438\"]}}]"}}, {"model": "admin.logentry", "pk": 144, "fields": {"action_time": "2025-05-02T10:26:21.779Z", "user": 3, "content_type": 18, "object_id": "9", "object_repr": "Booking object (9)", "action_flag": 2, "change_message": "[{\"changed\": {\"fields\": [\"\\u041f\\u043e\\u0434\\u0442\\u0432\\u0435\\u0440\\u0436\\u0434\\u0435\\u043d\\u0438\\u0435\"]}}]"}}, {"model": "admin.logentry", "pk": 145, "fields": {"action_time": "2025-05-02T10:26:26.270Z", "user": 3, "content_type": 18, "object_id": "8", "object_repr": "Booking object (8)", "action_flag": 2, "change_message": "[{\"changed\": {\"fields\": [\"\\u041f\\u043e\\u0434\\u0442\\u0432\\u0435\\u0440\\u0436\\u0434\\u0435\\u043d\\u0438\\u0435\"]}}]"}}, {"model": "admin.logentry", "pk": 146, "fields": {"action_time": "2025-05-02T10:26:31.869Z", "user": 3, "content_type": 18, "object_id": "4", "object_repr": "Booking object (4)", "action_flag": 2, "change_message": "[]"}}, {"model": "admin.logentry", "pk": 147, "fields": {"action_time": "2025-05-02T10:26:50.111Z", "user": 3, "content_type": 18, "object_id": "2", "object_repr": "Booking object (2)", "action_flag": 2, "change_message": "[{\"changed\": {\"fields\": [\"\\u041f\\u043e\\u0434\\u0442\\u0432\\u0435\\u0440\\u0436\\u0434\\u0435\\u043d\\u0438\\u0435\"]}}]"}}, {"model": "admin.logentry", "pk": 148, "fields": {"action_time": "2025-05-02T10:27:01.661Z", "user": 3, "content_type": 18, "object_id": "5", "object_repr": "Booking object (5)", "action_flag": 2, "change_message": "[{\"changed\": {\"fields\": [\"\\u041f\\u043e\\u0434\\u0442\\u0432\\u0435\\u0440\\u0436\\u0434\\u0435\\u043d\\u0438\\u0435\"]}}]"}}, {"model": "admin.logentry", "pk": 149, "fields": {"action_time": "2025-05-02T10:31:45.281Z", "user": 3, "content_type": 14, "object_id": "1", "object_repr": "Registration object (1)", "action_flag": 1, "change_message": "[{\"added\": {}}]"}}, {"model": "admin.logentry", "pk": 150, "fields": {"action_time": "2025-05-02T10:31:49.736Z", "user": 3, "content_type": 14, "object_id": "2", "object_repr": "Registration object (2)", "action_flag": 1, "change_message": "[{\"added\": {}}]"}}, {"model": "admin.logentry", "pk": 151, "fields": {"action_time": "2025-05-02T10:31:54.888Z", "user": 3, "content_type": 14, "object_id": "3", "object_repr": "Registration object (3)", "action_flag": 1, "change_message": "[{\"added\": {}}]"}}, {"model": "admin.logentry", "pk": 152, "fields": {"action_time": "2025-05-02T10:31:59.330Z", "user": 3, "content_type": 14, "object_id": "4", "object_repr": "Registration object (4)", "action_flag": 1, "change_message": "[{\"added\": {}}]"}}, {"model": "admin.logentry", "pk": 153, "fields": {"action_time": "2025-05-02T10:32:06.780Z", "user": 3, "content_type": 14, "object_id": "5", "object_repr": "Registration object (5)", "action_flag": 1, "change_message": "[{\"added\": {}}]"}}, {"model": "admin.logentry", "pk": 154, "fields": {"action_time": "2025-05-02T10:32:11.766Z", "user": 3, "content_type": 14, "object_id": "6", "object_repr": "Registration object (6)", "action_flag": 1, "change_message": "[{\"added\": {}}]"}}, {"model": "admin.logentry", "pk": 155, "fields": {"action_time": "2025-05-02T10:32:17.630Z", "user": 3, "content_type": 14, "object_id": "7", "object_repr": "Registration object (7)", "action_flag": 1, "change_message": "[{\"added\": {}}]"}}, {"model": "admin.logentry", "pk": 156, "fields": {"action_time": "2025-05-02T10:32:22.039Z", "user": 3, "content_type": 14, "object_id": "8", "object_repr": "Registration object (8)", "action_flag": 1, "change_message": "[{\"added\": {}}]"}}, {"model": "admin.logentry", "pk": 157, "fields": {"action_time": "2025-05-02T10:32:27.719Z", "user": 3, "content_type": 14, "object_id": "9", "object_repr": "Registration object (9)", "action_flag": 1, "change_message": "[{\"added\": {}}]"}}, {"model": "admin.logentry", "pk": 158, "fields": {"action_time": "2025-05-02T10:32:35.555Z", "user": 3, "content_type": 14, "object_id": "10", "object_repr": "Registration object (10)", "action_flag": 1, "change_message": "[{\"added\": {}}]"}}, {"model": "admin.logentry", "pk": 159, "fields": {"action_time": "2025-05-02T10:33:21.561Z", "user": 3, "content_type": 14, "object_id": "10", "object_repr": "Registration object (10)", "action_flag": 2, "change_message": "[{\"changed\": {\"fields\": [\"\\u041f\\u043e\\u0434\\u0442\\u0432\\u0435\\u0440\\u0436\\u0434\\u0435\\u043d\\u0438\\u0435\"]}}]"}}, {"model": "admin.logentry", "pk": 160, "fields": {"action_time": "2025-05-02T10:33:24.320Z", "user": 3, "content_type": 14, "object_id": "6", "object_repr": "Registration object (6)", "action_flag": 2, "change_message": "[{\"changed\": {\"fields\": [\"\\u041f\\u043e\\u0434\\u0442\\u0432\\u0435\\u0440\\u0436\\u0434\\u0435\\u043d\\u0438\\u0435\"]}}]"}}, {"model": "admin.logentry", "pk": 161, "fields": {"action_time": "2025-05-02T10:33:26.826Z", "user": 3, "content_type": 14, "object_id": "5", "object_repr": "Registration object (5)", "action_flag": 2, "change_message": "[{\"changed\": {\"fields\": [\"\\u041f\\u043e\\u0434\\u0442\\u0432\\u0435\\u0440\\u0436\\u0434\\u0435\\u043d\\u0438\\u0435\"]}}]"}}, {"model": "admin.logentry", "pk": 162, "fields": {"action_time": "2025-05-02T10:33:30.435Z", "user": 3, "content_type": 14, "object_id": "2", "object_repr": "Registration object (2)", "action_flag": 2, "change_message": "[{\"changed\": {\"fields\": [\"\\u041f\\u043e\\u0434\\u0442\\u0432\\u0435\\u0440\\u0436\\u0434\\u0435\\u043d\\u0438\\u0435\"]}}]"}}, {"model": "admin.logentry", "pk": 163, "fields": {"action_time": "2025-05-02T10:34:41.046Z", "user": 3, "content_type": 17, "object_id": "1", "object_repr": "Favourite object (1)", "action_flag": 1, "change_message": "[{\"added\": {}}]"}}, {"model": "admin.logentry", "pk": 164, "fields": {"action_time": "2025-05-02T10:34:59.481Z", "user": 3, "content_type": 17, "object_id": "2", "object_repr": "Favourite object (2)", "action_flag": 1, "change_message": "[{\"added\": {}}]"}}, {"model": "admin.logentry", "pk": 165, "fields": {"action_time": "2025-05-02T10:35:04.628Z", "user": 3, "content_type": 17, "object_id": "3", "object_repr": "Favourite object (3)", "action_flag": 1, "change_message": "[{\"added\": {}}]"}}, {"model": "admin.logentry", "pk": 166, "fields": {"action_time": "2025-05-02T10:35:08.224Z", "user": 3, "content_type": 17, "object_id": "4", "object_repr": "Favourite object (4)", "action_flag": 1, "change_message": "[{\"added\": {}}]"}}, {"model": "admin.logentry", "pk": 167, "fields": {"action_time": "2025-05-02T10:35:13.122Z", "user": 3, "content_type": 17, "object_id": "5", "object_repr": "Favourite object (5)", "action_flag": 1, "change_message": "[{\"added\": {}}]"}}, {"model": "admin.logentry", "pk": 168, "fields": {"action_time": "2025-05-02T10:35:16.407Z", "user": 3, "content_type": 17, "object_id": "6", "object_repr": "Favourite object (6)", "action_flag": 1, "change_message": "[{\"added\": {}}]"}}, {"model": "admin.logentry", "pk": 169, "fields": {"action_time": "2025-05-02T10:35:24.068Z", "user": 3, "content_type": 17, "object_id": "7", "object_repr": "Favourite object (7)", "action_flag": 1, "change_message": "[{\"added\": {}}]"}}, {"model": "admin.logentry", "pk": 170, "fields": {"action_time": "2025-05-02T10:35:29.033Z", "user": 3, "content_type": 17, "object_id": "8", "object_repr": "Favourite object (8)", "action_flag": 1, "change_message": "[{\"added\": {}}]"}}, {"model": "admin.logentry", "pk": 171, "fields": {"action_time": "2025-05-02T10:35:36.338Z", "user": 3, "content_type": 17, "object_id": "9", "object_repr": "Favourite object (9)", "action_flag": 1, "change_message": "[{\"added\": {}}]"}}, {"model": "admin.logentry", "pk": 172, "fields": {"action_time": "2025-05-02T10:35:41.308Z", "user": 3, "content_type": 17, "object_id": "10", "object_repr": "Favourite object (10)", "action_flag": 1, "change_message": "[{\"added\": {}}]"}}, {"model": "admin.logentry", "pk": 173, "fields": {"action_time": "2025-05-02T10:36:06.077Z", "user": 3, "content_type": 17, "object_id": "9", "object_repr": "Favourite object (9)", "action_flag": 2, "change_message": "[]"}}, {"model": "admin.logentry", "pk": 174, "fields": {"action_time": "2025-05-02T10:36:59.327Z", "user": 3, "content_type": 12, "object_id": "1", "object_repr": "ImageForEvents object (1)", "action_flag": 1, "change_message": "[{\"added\": {}}]"}}, {"model": "admin.logentry", "pk": 175, "fields": {"action_time": "2025-05-02T10:38:26.320Z", "user": 3, "content_type": 12, "object_id": "2", "object_repr": "ImageForEvents object (2)", "action_flag": 1, "change_message": "[{\"added\": {}}]"}}, {"model": "admin.logentry", "pk": 176, "fields": {"action_time": "2025-05-02T10:38:44.428Z", "user": 3, "content_type": 12, "object_id": "1", "object_repr": "ImageForEvents object (1)", "action_flag": 3, "change_message": ""}}, {"model": "admin.logentry", "pk": 177, "fields": {"action_time": "2025-05-02T10:40:05.870Z", "user": 3, "content_type": 12, "object_id": "2", "object_repr": "ImageForEvents object (2)", "action_flag": 3, "change_message": ""}}, {"model": "admin.logentry", "pk": 178, "fields": {"action_time": "2025-05-02T10:41:56.737Z", "user": 3, "content_type": 12, "object_id": "3", "object_repr": "ImageForEvents object (3)", "action_flag": 1, "change_message": "[{\"added\": {}}]"}}, {"model": "admin.logentry", "pk": 179, "fields": {"action_time": "2025-05-02T10:42:28.052Z", "user": 3, "content_type": 12, "object_id": "4", "object_repr": "ImageForEvents object (4)", "action_flag": 1, "change_message": "[{\"added\": {}}]"}}, {"model": "admin.logentry", "pk": 180, "fields": {"action_time": "2025-05-02T10:43:36.862Z", "user": 3, "content_type": 16, "object_id": "1", "object_repr": "ImageForSpaces object (1)", "action_flag": 1, "change_message": "[{\"added\": {}}]"}}, {"model": "admin.logentry", "pk": 181, "fields": {"action_time": "2025-05-02T10:43:51.761Z", "user": 3, "content_type": 16, "object_id": "2", "object_repr": "ImageForSpaces object (2)", "action_flag": 1, "change_message": "[{\"added\": {}}]"}}, {"model": "admin.logentry", "pk": 182, "fields": {"action_time": "2025-05-02T10:44:03.985Z", "user": 3, "content_type": 16, "object_id": "3", "object_repr": "ImageForSpaces object (3)", "action_flag": 1, "change_message": "[{\"added\": {}}]"}}, {"model": "admin.logentry", "pk": 183, "fields": {"action_time": "2025-05-06T12:21:21.499Z", "user": 3, "content_type": 9, "object_id": "8", "object_repr": "Стендап-вечер (2025-07-01)", "action_flag": 2, "change_message": "[]"}}, {"model": "admin.logentry", "pk": 184, "fields": {"action_time": "2025-05-06T13:16:02.528Z", "user": 3, "content_type": 14, "object_id": "8", "object_repr": "Registration object (8)", "action_flag": 2, "change_message": "[]"}}, {"model": "admin.logentry", "pk": 185, "fields": {"action_time": "2025-05-06T13:18:35.491Z", "user": 3, "content_type": 18, "object_id": "10", "object_repr": "Booking object (10)", "action_flag": 2, "change_message": "[]"}}, {"model": "admin.logentry", "pk": 186, "fields": {"action_time": "2025-05-06T13:23:44.070Z", "user": 3, "content_type": 17, "object_id": "10", "object_repr": "Favourite object (10)", "action_flag": 2, "change_message": "[]"}}, {"model": "admin.logentry", "pk": 187, "fields": {"action_time": "2025-05-06T13:24:27.165Z", "user": 3, "content_type": 10, "object_id": "17", "object_repr": "Наука", "action_flag": 2, "change_message": "[]"}}, {"model": "admin.logentry", "pk": 188, "fields": {"action_time": "2025-05-06T13:25:24.026Z", "user": 3, "content_type": 19, "object_id": "11", "object_repr": "SpacesReview object (11)", "action_flag": 2, "change_message": "[]"}}, {"model": "admin.logentry", "pk": 189, "fields": {"action_time": "2025-05-06T13:25:29.793Z", "user": 3, "content_type": 19, "object_id": "11", "object_repr": "SpacesReview object (11)", "action_flag": 2, "change_message": "[]"}}, {"model": "admin.logentry", "pk": 190, "fields": {"action_time": "2025-05-06T13:25:59.366Z", "user": 3, "content_type": 19, "object_id": "11", "object_repr": "SpacesReview object (11)", "action_flag": 2, "change_message": "[]"}}, {"model": "admin.logentry", "pk": 191, "fields": {"action_time": "2025-05-06T13:27:50.225Z", "user": 3, "content_type": 14, "object_id": "10", "object_repr": "Registration object (10)", "action_flag": 2, "change_message": "[]"}}, {"model": "admin.logentry", "pk": 192, "fields": {"action_time": "2025-05-07T06:55:52.715Z", "user": 3, "content_type": 12, "object_id": "4", "object_repr": "ImageForEvents object (4)", "action_flag": 2, "change_message": "[{\"changed\": {\"fields\": [\"\\u0418\\u0437\\u043e\\u0431\\u0440\\u0430\\u0436\\u0435\\u043d\\u0438\\u0435\"]}}]"}}, {"model": "admin.logentry", "pk": 193, "fields": {"action_time": "2025-05-07T07:08:11.639Z", "user": 3, "content_type": 18, "object_id": "7", "object_repr": "Booking object (7)", "action_flag": 2, "change_message": "[]"}}, {"model": "admin.logentry", "pk": 194, "fields": {"action_time": "2025-05-13T18:25:02.625Z", "user": 3, "content_type": 18, "object_id": "10", "object_repr": "Актовый зал на 10.08.2025-10.08.2025 для Алла Федосеева", "action_flag": 2, "change_message": "[{\"changed\": {\"fields\": [\"\\u0421\\u0442\\u0430\\u0442\\u0443\\u0441\"]}}]"}}, {"model": "admin.logentry", "pk": 195, "fields": {"action_time": "2025-05-13T18:30:28.340Z", "user": 3, "content_type": 18, "object_id": "10", "object_repr": "Актовый зал на 10.08.2025-10.08.2025 для Алла Федосеева", "action_flag": 2, "change_message": "[{\"changed\": {\"fields\": [\"\\u0421\\u0442\\u0430\\u0442\\u0443\\u0441\"]}}]"}}, {"model": "admin.logentry", "pk": 196, "fields": {"action_time": "2025-05-13T18:31:13.422Z", "user": 3, "content_type": 18, "object_id": "9", "object_repr": "Кинозал на 01.07.2025-04.07.2025 для Матвей Веселов", "action_flag": 2, "change_message": "[{\"changed\": {\"fields\": [\"\\u0421\\u0442\\u0430\\u0442\\u0443\\u0441\"]}}]"}}, {"model": "admin.logentry", "pk": 197, "fields": {"action_time": "2025-05-13T18:31:15.605Z", "user": 3, "content_type": 18, "object_id": "8", "object_repr": "Танцевальный зал на 31.07.2025-31.07.2025 для Матвей Веселов", "action_flag": 2, "change_message": "[{\"changed\": {\"fields\": [\"\\u0421\\u0442\\u0430\\u0442\\u0443\\u0441\"]}}]"}}, {"model": "admin.logentry", "pk": 198, "fields": {"action_time": "2025-05-13T18:31:17.063Z", "user": 3, "content_type": 18, "object_id": "7", "object_repr": "Кулинарная студия на 09.08.2025-09.08.2025 для Юрий Белоусов", "action_flag": 2, "change_message": "[{\"changed\": {\"fields\": [\"\\u0421\\u0442\\u0430\\u0442\\u0443\\u0441\"]}}]"}}, {"model": "admin.logentry", "pk": 199, "fields": {"action_time": "2025-05-13T18:31:20.050Z", "user": 3, "content_type": 18, "object_id": "6", "object_repr": "Коворкинг на 11.08.2025-12.08.2025 для Милана Фомичева", "action_flag": 2, "change_message": "[{\"changed\": {\"fields\": [\"\\u0421\\u0442\\u0430\\u0442\\u0443\\u0441\"]}}]"}}, {"model": "admin.logentry", "pk": 200, "fields": {"action_time": "2025-05-13T18:31:23.670Z", "user": 3, "content_type": 18, "object_id": "5", "object_repr": "Бизнес-лаунж на 25.07.2025-25.07.2025 для Ева Моисеева", "action_flag": 2, "change_message": "[{\"changed\": {\"fields\": [\"\\u0421\\u0442\\u0430\\u0442\\u0443\\u0441\"]}}]"}}, {"model": "admin.logentry", "pk": 201, "fields": {"action_time": "2025-05-13T18:31:25.681Z", "user": 3, "content_type": 18, "object_id": "5", "object_repr": "Бизнес-лаунж на 25.07.2025-25.07.2025 для Ева Моисеева", "action_flag": 2, "change_message": "[]"}}, {"model": "admin.logentry", "pk": 202, "fields": {"action_time": "2025-05-13T18:31:27.820Z", "user": 3, "content_type": 18, "object_id": "3", "object_repr": "Фотостудия на 03.08.2025-03.08.2025 для Матвей Веселов", "action_flag": 2, "change_message": "[{\"changed\": {\"fields\": [\"\\u0421\\u0442\\u0430\\u0442\\u0443\\u0441\"]}}]"}}, {"model": "admin.logentry", "pk": 203, "fields": {"action_time": "2025-05-13T18:31:29.713Z", "user": 3, "content_type": 18, "object_id": "4", "object_repr": "Актовый зал на 29.08.2025-31.08.2025 для Матвей Веселов", "action_flag": 2, "change_message": "[{\"changed\": {\"fields\": [\"\\u0421\\u0442\\u0430\\u0442\\u0443\\u0441\"]}}]"}}, {"model": "admin.logentry", "pk": 204, "fields": {"action_time": "2025-05-13T18:31:31.404Z", "user": 3, "content_type": 18, "object_id": "2", "object_repr": "Конференц-зал на 08.07.2025-10.07.2025 для Роман Зуев", "action_flag": 2, "change_message": "[{\"changed\": {\"fields\": [\"\\u0421\\u0442\\u0430\\u0442\\u0443\\u0441\"]}}]"}}, {"model": "admin.logentry", "pk": 205, "fields": {"action_time": "2025-05-13T18:31:33.329Z", "user": 3, "content_type": 18, "object_id": "1", "object_repr": "Творческая мастерская на 04.08.2025-10.08.2025 для Матвей Веселов", "action_flag": 2, "change_message": "[{\"changed\": {\"fields\": [\"\\u0421\\u0442\\u0430\\u0442\\u0443\\u0441\"]}}]"}}, {"model": "admin.logentry", "pk": 206, "fields": {"action_time": "2025-05-13T18:32:02.866Z", "user": 3, "content_type": 18, "object_id": "9", "object_repr": "Кинозал на 01.07.2025-04.07.2025 для Матвей Веселов", "action_flag": 2, "change_message": "[{\"changed\": {\"fields\": [\"\\u0421\\u0442\\u0430\\u0442\\u0443\\u0441\"]}}]"}}, {"model": "admin.logentry", "pk": 207, "fields": {"action_time": "2025-05-13T18:32:08.361Z", "user": 3, "content_type": 18, "object_id": "7", "object_repr": "Кулинарная студия на 09.08.2025-09.08.2025 для Юрий Белоусов", "action_flag": 2, "change_message": "[{\"changed\": {\"fields\": [\"\\u0421\\u0442\\u0430\\u0442\\u0443\\u0441\"]}}]"}}, {"model": "admin.logentry", "pk": 208, "fields": {"action_time": "2025-05-13T18:32:13.636Z", "user": 3, "content_type": 18, "object_id": "4", "object_repr": "Актовый зал на 29.08.2025-31.08.2025 для Матвей Веселов", "action_flag": 2, "change_message": "[{\"changed\": {\"fields\": [\"\\u0421\\u0442\\u0430\\u0442\\u0443\\u0441\"]}}]"}}, {"model": "admin.logentry", "pk": 209, "fields": {"action_time": "2025-05-13T18:32:16.499Z", "user": 3, "content_type": 18, "object_id": "4", "object_repr": "Актовый зал на 29.08.2025-31.08.2025 для Матвей Веселов", "action_flag": 2, "change_message": "[]"}}, {"model": "admin.logentry", "pk": 210, "fields": {"action_time": "2025-05-13T18:32:22.329Z", "user": 3, "content_type": 18, "object_id": "3", "object_repr": "Фотостудия на 03.08.2025-03.08.2025 для Матвей Веселов", "action_flag": 2, "change_message": "[{\"changed\": {\"fields\": [\"\\u0421\\u0442\\u0430\\u0442\\u0443\\u0441\"]}}]"}}, {"model": "admin.logentry", "pk": 211, "fields": {"action_time": "2025-05-13T18:40:27.980Z", "user": 3, "content_type": 8, "object_id": "10", "object_repr": "Санкт-Петербург, Рублёвское шоссе, 5", "action_flag": 2, "change_message": "[{\"changed\": {\"fields\": [\"\\u0413\\u043e\\u0440\\u043e\\u0434\"]}}]"}}, {"model": "admin.logentry", "pk": 212, "fields": {"action_time": "2025-05-13T18:40:36.656Z", "user": 3, "content_type": 8, "object_id": "7", "object_repr": "Пермь, Пятницкая, 23", "action_flag": 2, "change_message": "[{\"changed\": {\"fields\": [\"\\u0413\\u043e\\u0440\\u043e\\u0434\"]}}]"}}, {"model": "admin.logentry", "pk": 213, "fields": {"action_time": "2025-05-13T18:40:42.746Z", "user": 3, "content_type": 8, "object_id": "6", "object_repr": "Сокол, Садовое кольцо, 17", "action_flag": 2, "change_message": "[{\"changed\": {\"fields\": [\"\\u0413\\u043e\\u0440\\u043e\\u0434\"]}}]"}}, {"model": "admin.logentry", "pk": 214, "fields": {"action_time": "2025-05-13T18:40:48.118Z", "user": 3, "content_type": 8, "object_id": "3", "object_repr": "Санкт-Петербург, Кутузовский проспект, 32", "action_flag": 2, "change_message": "[{\"changed\": {\"fields\": [\"\\u0413\\u043e\\u0440\\u043e\\u0434\"]}}]"}}, {"model": "admin.logentry", "pk": 215, "fields": {"action_time": "2025-05-13T18:40:54.780Z", "user": 3, "content_type": 8, "object_id": "1", "object_repr": "Казань, Тверская, 15", "action_flag": 2, "change_message": "[{\"changed\": {\"fields\": [\"\\u0413\\u043e\\u0440\\u043e\\u0434\"]}}]"}}, {"model": "admin.logentry", "pk": 216, "fields": {"action_time": "2025-05-13T18:41:02.898Z", "user": 3, "content_type": 8, "object_id": "8", "object_repr": "Санкт-Петербург, Пречистенка, 19", "action_flag": 2, "change_message": "[{\"changed\": {\"fields\": [\"\\u0413\\u043e\\u0440\\u043e\\u0434\"]}}]"}}, {"model": "admin.logentry", "pk": 217, "fields": {"action_time": "2025-05-13T18:41:09.343Z", "user": 3, "content_type": 8, "object_id": "10", "object_repr": "Санкт-Петербург, Рублёвское шоссе, 5", "action_flag": 2, "change_message": "[]"}}, {"model": "admin.logentry", "pk": 218, "fields": {"action_time": "2025-05-13T18:43:39.340Z", "user": 3, "content_type": 17, "object_id": "10", "object_repr": "Favourite object (10)", "action_flag": 2, "change_message": "[]"}}, {"model": "admin.logentry", "pk": 219, "fields": {"action_time": "2025-05-13T18:43:44.124Z", "user": 3, "content_type": 17, "object_id": "10", "object_repr": "Favourite object (10)", "action_flag": 2, "change_message": "[]"}}, {"model": "admin.logentry", "pk": 220, "fields": {"action_time": "2025-05-13T18:46:50.130Z", "user": 3, "content_type": 17, "object_id": "10", "object_repr": "Favourite object (10)", "action_flag": 2, "change_message": "[]"}}, {"model": "admin.logentry", "pk": 221, "fields": {"action_time": "2025-05-13T18:47:37.770Z", "user": 3, "content_type": 18, "object_id": "10", "object_repr": "Актовый зал на 10.08.2025-10.08.2025 для Алла Федосеева", "action_flag": 2, "change_message": "[{\"changed\": {\"fields\": [\"\\u0414\\u0430\\u0442\\u0430 \\u043d\\u0430\\u0447\\u0430\\u043b\\u0430 \\u0431\\u0440\\u043e\\u043d\\u0438\", \"\\u0414\\u0430\\u0442\\u0430 \\u043a\\u043e\\u043d\\u0446\\u0430 \\u0431\\u0440\\u043e\\u043d\\u0438\"]}}]"}}, {"model": "admin.logentry", "pk": 222, "fields": {"action_time": "2025-05-13T18:47:49.194Z", "user": 3, "content_type": 18, "object_id": "9", "object_repr": "Кинозал на 01.07.2025-04.07.2025 для Матвей Веселов", "action_flag": 2, "change_message": "[{\"changed\": {\"fields\": [\"\\u0414\\u0430\\u0442\\u0430 \\u043d\\u0430\\u0447\\u0430\\u043b\\u0430 \\u0431\\u0440\\u043e\\u043d\\u0438\", \"\\u0414\\u0430\\u0442\\u0430 \\u043a\\u043e\\u043d\\u0446\\u0430 \\u0431\\u0440\\u043e\\u043d\\u0438\"]}}]"}}, {"model": "admin.logentry", "pk": 223, "fields": {"action_time": "2025-05-13T18:47:59.576Z", "user": 3, "content_type": 18, "object_id": "8", "object_repr": "Танцевальный зал на 31.07.2025-31.07.2025 для Матвей Веселов", "action_flag": 2, "change_message": "[{\"changed\": {\"fields\": [\"\\u0414\\u0430\\u0442\\u0430 \\u043d\\u0430\\u0447\\u0430\\u043b\\u0430 \\u0431\\u0440\\u043e\\u043d\\u0438\", \"\\u0414\\u0430\\u0442\\u0430 \\u043a\\u043e\\u043d\\u0446\\u0430 \\u0431\\u0440\\u043e\\u043d\\u0438\"]}}]"}}, {"model": "admin.logentry", "pk": 224, "fields": {"action_time": "2025-05-13T18:48:10.168Z", "user": 3, "content_type": 18, "object_id": "7", "object_repr": "Кулинарная студия на 09.08.2025-09.08.2025 для Юрий Белоусов", "action_flag": 2, "change_message": "[{\"changed\": {\"fields\": [\"\\u0414\\u0430\\u0442\\u0430 \\u043d\\u0430\\u0447\\u0430\\u043b\\u0430 \\u0431\\u0440\\u043e\\u043d\\u0438\", \"\\u0414\\u0430\\u0442\\u0430 \\u043a\\u043e\\u043d\\u0446\\u0430 \\u0431\\u0440\\u043e\\u043d\\u0438\"]}}]"}}, {"model": "admin.logentry", "pk": 225, "fields": {"action_time": "2025-05-13T18:48:29.036Z", "user": 3, "content_type": 18, "object_id": "6", "object_repr": "Коворкинг на 11.08.2025-12.08.2025 для Милана Фомичева", "action_flag": 2, "change_message": "[{\"changed\": {\"fields\": [\"\\u0414\\u0430\\u0442\\u0430 \\u043d\\u0430\\u0447\\u0430\\u043b\\u0430 \\u0431\\u0440\\u043e\\u043d\\u0438\", \"\\u0414\\u0430\\u0442\\u0430 \\u043a\\u043e\\u043d\\u0446\\u0430 \\u0431\\u0440\\u043e\\u043d\\u0438\"]}}]"}}, {"model": "admin.logentry", "pk": 226, "fields": {"action_time": "2025-05-13T18:48:50.779Z", "user": 3, "content_type": 18, "object_id": "5", "object_repr": "Бизнес-лаунж на 25.07.2025-25.07.2025 для Ева Моисеева", "action_flag": 2, "change_message": "[{\"changed\": {\"fields\": [\"\\u0414\\u0430\\u0442\\u0430 \\u043d\\u0430\\u0447\\u0430\\u043b\\u0430 \\u0431\\u0440\\u043e\\u043d\\u0438\", \"\\u0414\\u0430\\u0442\\u0430 \\u043a\\u043e\\u043d\\u0446\\u0430 \\u0431\\u0440\\u043e\\u043d\\u0438\"]}}]"}}, {"model": "admin.logentry", "pk": 227, "fields": {"action_time": "2025-05-13T18:49:00.213Z", "user": 3, "content_type": 18, "object_id": "10", "object_repr": "Актовый зал на 10.08.2025-10.08.2025 для Алла Федосеева", "action_flag": 2, "change_message": "[{\"changed\": {\"fields\": [\"\\u0414\\u0430\\u0442\\u0430 \\u043a\\u043e\\u043d\\u0446\\u0430 \\u0431\\u0440\\u043e\\u043d\\u0438\"]}}]"}}, {"model": "admin.logentry", "pk": 228, "fields": {"action_time": "2025-05-13T18:49:13.285Z", "user": 3, "content_type": 18, "object_id": "5", "object_repr": "Бизнес-лаунж на 25.07.2025-25.07.2025 для Ева Моисеева", "action_flag": 2, "change_message": "[{\"changed\": {\"fields\": [\"\\u0414\\u0430\\u0442\\u0430 \\u043a\\u043e\\u043d\\u0446\\u0430 \\u0431\\u0440\\u043e\\u043d\\u0438\"]}}]"}}, {"model": "admin.logentry", "pk": 229, "fields": {"action_time": "2025-05-13T18:49:24.064Z", "user": 3, "content_type": 18, "object_id": "4", "object_repr": "Актовый зал на 29.08.2025-31.08.2025 для Матвей Веселов", "action_flag": 2, "change_message": "[{\"changed\": {\"fields\": [\"\\u0414\\u0430\\u0442\\u0430 \\u043d\\u0430\\u0447\\u0430\\u043b\\u0430 \\u0431\\u0440\\u043e\\u043d\\u0438\", \"\\u0414\\u0430\\u0442\\u0430 \\u043a\\u043e\\u043d\\u0446\\u0430 \\u0431\\u0440\\u043e\\u043d\\u0438\"]}}]"}}, {"model": "admin.logentry", "pk": 230, "fields": {"action_time": "2025-05-13T18:49:35.448Z", "user": 3, "content_type": 18, "object_id": "3", "object_repr": "Фотостудия на 03.08.2025-03.08.2025 для Матвей Веселов", "action_flag": 2, "change_message": "[{\"changed\": {\"fields\": [\"\\u0414\\u0430\\u0442\\u0430 \\u043d\\u0430\\u0447\\u0430\\u043b\\u0430 \\u0431\\u0440\\u043e\\u043d\\u0438\", \"\\u0414\\u0430\\u0442\\u0430 \\u043a\\u043e\\u043d\\u0446\\u0430 \\u0431\\u0440\\u043e\\u043d\\u0438\"]}}]"}}, {"model": "admin.logentry", "pk": 231, "fields": {"action_time": "2025-05-13T18:49:44.899Z", "user": 3, "content_type": 18, "object_id": "2", "object_repr": "Конференц-зал на 08.07.2025-10.07.2025 для Роман Зуев", "action_flag": 2, "change_message": "[{\"changed\": {\"fields\": [\"\\u0414\\u0430\\u0442\\u0430 \\u043d\\u0430\\u0447\\u0430\\u043b\\u0430 \\u0431\\u0440\\u043e\\u043d\\u0438\", \"\\u0414\\u0430\\u0442\\u0430 \\u043a\\u043e\\u043d\\u0446\\u0430 \\u0431\\u0440\\u043e\\u043d\\u0438\"]}}]"}}, {"model": "admin.logentry", "pk": 232, "fields": {"action_time": "2025-05-13T18:49:56.993Z", "user": 3, "content_type": 18, "object_id": "1", "object_repr": "Творческая мастерская на 04.08.2025-10.08.2025 для Матвей Веселов", "action_flag": 2, "change_message": "[{\"changed\": {\"fields\": [\"\\u0414\\u0430\\u0442\\u0430 \\u043d\\u0430\\u0447\\u0430\\u043b\\u0430 \\u0431\\u0440\\u043e\\u043d\\u0438\", \"\\u0414\\u0430\\u0442\\u0430 \\u043a\\u043e\\u043d\\u0446\\u0430 \\u0431\\u0440\\u043e\\u043d\\u0438\"]}}]"}}, {"model": "admin.logentry", "pk": 233, "fields": {"action_time": "2025-05-13T18:51:47.046Z", "user": 3, "content_type": 17, "object_id": "11", "object_repr": "Favourite object (11)", "action_flag": 1, "change_message": "[{\"added\": {}}]"}}, {"model": "admin.logentry", "pk": 234, "fields": {"action_time": "2025-05-13T18:52:34.213Z", "user": 3, "content_type": 17, "object_id": "11", "object_repr": "Favourite object (11)", "action_flag": 2, "change_message": "[{\"changed\": {\"fields\": [\"\\u041c\\u0435\\u0440\\u043e\\u043f\\u0440\\u0438\\u044f\\u0442\\u0438\\u0435\"]}}]"}}, {"model": "admin.logentry", "pk": 235, "fields": {"action_time": "2025-05-13T20:17:34.547Z", "user": 3, "content_type": 9, "object_id": "10", "object_repr": "Турнир по настольным играм (14.07.2025)", "action_flag": 2, "change_message": "[{\"changed\": {\"fields\": [\"\\u0414\\u0430\\u0442\\u0430 \\u043f\\u0440\\u043e\\u0432\\u0435\\u0434\\u0435\\u043d\\u0438\\u044f\"]}}]"}}, {"model": "admin.logentry", "pk": 236, "fields": {"action_time": "2025-05-13T20:17:42.430Z", "user": 3, "content_type": 9, "object_id": "9", "object_repr": "Кулинарный мастер-класс (10.08.2025)", "action_flag": 2, "change_message": "[{\"changed\": {\"fields\": [\"\\u0414\\u0430\\u0442\\u0430 \\u043f\\u0440\\u043e\\u0432\\u0435\\u0434\\u0435\\u043d\\u0438\\u044f\"]}}]"}}, {"model": "admin.logentry", "pk": 237, "fields": {"action_time": "2025-05-13T20:17:49.706Z", "user": 3, "content_type": 9, "object_id": "8", "object_repr": "Стендап-вечер (01.07.2025)", "action_flag": 2, "change_message": "[{\"changed\": {\"fields\": [\"\\u0414\\u0430\\u0442\\u0430 \\u043f\\u0440\\u043e\\u0432\\u0435\\u0434\\u0435\\u043d\\u0438\\u044f\"]}}]"}}, {"model": "admin.logentry", "pk": 238, "fields": {"action_time": "2025-05-13T20:17:55.645Z", "user": 3, "content_type": 9, "object_id": "7", "object_repr": "Фотовыставка \"Городские пейзажи\" (31.08.2025)", "action_flag": 2, "change_message": "[{\"changed\": {\"fields\": [\"\\u0414\\u0430\\u0442\\u0430 \\u043f\\u0440\\u043e\\u0432\\u0435\\u0434\\u0435\\u043d\\u0438\\u044f\"]}}]"}}, {"model": "admin.logentry", "pk": 239, "fields": {"action_time": "2025-05-13T20:18:51.984Z", "user": 3, "content_type": 9, "object_id": "6", "object_repr": "Танцевальный баттл (02.08.2025)", "action_flag": 2, "change_message": "[{\"changed\": {\"fields\": [\"\\u0414\\u0430\\u0442\\u0430 \\u043f\\u0440\\u043e\\u0432\\u0435\\u0434\\u0435\\u043d\\u0438\\u044f\"]}}]"}}, {"model": "admin.logentry", "pk": 240, "fields": {"action_time": "2025-05-13T20:18:59.931Z", "user": 3, "content_type": 9, "object_id": "5", "object_repr": "Поэтический вечер (19.07.2025)", "action_flag": 2, "change_message": "[{\"changed\": {\"fields\": [\"\\u0414\\u0430\\u0442\\u0430 \\u043f\\u0440\\u043e\\u0432\\u0435\\u0434\\u0435\\u043d\\u0438\\u044f\"]}}]"}}, {"model": "admin.logentry", "pk": 241, "fields": {"action_time": "2025-05-13T20:19:07.848Z", "user": 3, "content_type": 9, "object_id": "4", "object_repr": "Кинопоказ короткометражек (18.07.2025)", "action_flag": 2, "change_message": "[{\"changed\": {\"fields\": [\"\\u0414\\u0430\\u0442\\u0430 \\u043f\\u0440\\u043e\\u0432\\u0435\\u0434\\u0435\\u043d\\u0438\\u044f\"]}}]"}}, {"model": "admin.logentry", "pk": 242, "fields": {"action_time": "2025-05-13T20:19:14.586Z", "user": 3, "content_type": 9, "object_id": "3", "object_repr": "Мастер-класс по живописи (05.08.2025)", "action_flag": 2, "change_message": "[{\"changed\": {\"fields\": [\"\\u0414\\u0430\\u0442\\u0430 \\u043f\\u0440\\u043e\\u0432\\u0435\\u0434\\u0435\\u043d\\u0438\\u044f\"]}}]"}}, {"model": "admin.logentry", "pk": 243, "fields": {"action_time": "2025-05-13T20:19:20.460Z", "user": 3, "content_type": 9, "object_id": "2", "object_repr": "Научная конференция по AI (13.08.2025)", "action_flag": 2, "change_message": "[{\"changed\": {\"fields\": [\"\\u0414\\u0430\\u0442\\u0430 \\u043f\\u0440\\u043e\\u0432\\u0435\\u0434\\u0435\\u043d\\u0438\\u044f\"]}}]"}}, {"model": "admin.logentry", "pk": 244, "fields": {"action_time": "2025-05-13T20:19:25.770Z", "user": 3, "content_type": 9, "object_id": "1", "object_repr": "Выставка современного искусства (07.07.2025)", "action_flag": 2, "change_message": "[{\"changed\": {\"fields\": [\"\\u0414\\u0430\\u0442\\u0430 \\u043f\\u0440\\u043e\\u0432\\u0435\\u0434\\u0435\\u043d\\u0438\\u044f\"]}}]"}}, {"model": "admin.logentry", "pk": 245, "fields": {"action_time": "2025-05-13T20:50:07.086Z", "user": 3, "content_type": 14, "object_id": "10", "object_repr": "Registration object (10)", "action_flag": 2, "change_message": "[{\"changed\": {\"fields\": [\"\\u0421\\u0442\\u0430\\u0442\\u0443\\u0441\"]}}]"}}, {"model": "admin.logentry", "pk": 246, "fields": {"action_time": "2025-05-13T20:50:09.775Z", "user": 3, "content_type": 14, "object_id": "10", "object_repr": "Registration object (10)", "action_flag": 2, "change_message": "[{\"changed\": {\"fields\": [\"\\u0421\\u0442\\u0430\\u0442\\u0443\\u0441\"]}}]"}}, {"model": "admin.logentry", "pk": 247, "fields": {"action_time": "2025-05-13T20:50:43.535Z", "user": 3, "content_type": 14, "object_id": "9", "object_repr": "Registration object (9)", "action_flag": 2, "change_message": "[{\"changed\": {\"fields\": [\"\\u0421\\u0442\\u0430\\u0442\\u0443\\u0441\"]}}]"}}, {"model": "admin.logentry", "pk": 248, "fields": {"action_time": "2025-05-13T20:50:47.465Z", "user": 3, "content_type": 14, "object_id": "8", "object_repr": "Registration object (8)", "action_flag": 2, "change_message": "[{\"changed\": {\"fields\": [\"\\u0421\\u0442\\u0430\\u0442\\u0443\\u0441\"]}}]"}}, {"model": "admin.logentry", "pk": 249, "fields": {"action_time": "2025-05-13T20:50:55.419Z", "user": 3, "content_type": 14, "object_id": "7", "object_repr": "Registration object (7)", "action_flag": 2, "change_message": "[{\"changed\": {\"fields\": [\"\\u0421\\u0442\\u0430\\u0442\\u0443\\u0441\"]}}]"}}, {"model": "admin.logentry", "pk": 250, "fields": {"action_time": "2025-05-13T20:50:57.743Z", "user": 3, "content_type": 14, "object_id": "6", "object_repr": "Registration object (6)", "action_flag": 2, "change_message": "[{\"changed\": {\"fields\": [\"\\u0421\\u0442\\u0430\\u0442\\u0443\\u0441\"]}}]"}}, {"model": "admin.logentry", "pk": 251, "fields": {"action_time": "2025-05-13T20:50:59.233Z", "user": 3, "content_type": 14, "object_id": "5", "object_repr": "Registration object (5)", "action_flag": 2, "change_message": "[{\"changed\": {\"fields\": [\"\\u0421\\u0442\\u0430\\u0442\\u0443\\u0441\"]}}]"}}, {"model": "admin.logentry", "pk": 252, "fields": {"action_time": "2025-05-13T20:51:03.396Z", "user": 3, "content_type": 14, "object_id": "3", "object_repr": "Registration object (3)", "action_flag": 2, "change_message": "[{\"changed\": {\"fields\": [\"\\u0421\\u0442\\u0430\\u0442\\u0443\\u0441\"]}}]"}}, {"model": "admin.logentry", "pk": 253, "fields": {"action_time": "2025-05-13T20:51:07.784Z", "user": 3, "content_type": 14, "object_id": "1", "object_repr": "Registration object (1)", "action_flag": 2, "change_message": "[{\"changed\": {\"fields\": [\"\\u0421\\u0442\\u0430\\u0442\\u0443\\u0441\"]}}]"}}, {"model": "admin.logentry", "pk": 254, "fields": {"action_time": "2025-05-13T20:51:11.175Z", "user": 3, "content_type": 14, "object_id": "2", "object_repr": "Registration object (2)", "action_flag": 2, "change_message": "[{\"changed\": {\"fields\": [\"\\u0421\\u0442\\u0430\\u0442\\u0443\\u0441\"]}}]"}}, {"model": "admin.logentry", "pk": 255, "fields": {"action_time": "2025-05-13T20:51:14.719Z", "user": 3, "content_type": 14, "object_id": "4", "object_repr": "Registration object (4)", "action_flag": 2, "change_message": "[{\"changed\": {\"fields\": [\"\\u0421\\u0442\\u0430\\u0442\\u0443\\u0441\"]}}]"}}, {"model": "admin.logentry", "pk": 256, "fields": {"action_time": "2025-05-19T19:07:56.459Z", "user": 3, "content_type": 14, "object_id": "9", "object_repr": "Милана Фомичева на Фотовыставка \"Городские пейзажи\" (31.08.2025)", "action_flag": 2, "change_message": "[]"}}, {"model": "admin.logentry", "pk": 257, "fields": {"action_time": "2025-05-19T19:29:44.074Z", "user": 3, "content_type": 12, "object_id": "4", "object_repr": "Стендап-вечер (01.07.2025)", "action_flag": 2, "change_message": "[]"}}, {"model": "admin.logentry", "pk": 258, "fields": {"action_time": "2025-05-19T19:48:48.380Z", "user": 3, "content_type": 12, "object_id": "5", "object_repr": "Выставка современного искусства (07.07.2025)", "action_flag": 1, "change_message": "[{\"added\": {}}]"}}, {"model": "admin.logentry", "pk": 259, "fields": {"action_time": "2025-05-19T19:49:49.286Z", "user": 3, "content_type": 12, "object_id": "6", "object_repr": "Фотовыставка \"Городские пейзажи\" (31.08.2025)", "action_flag": 1, "change_message": "[{\"added\": {}}]"}}, {"model": "admin.logentry", "pk": 260, "fields": {"action_time": "2025-05-19T19:51:35.518Z", "user": 3, "content_type": 12, "object_id": "7", "object_repr": "Стендап-вечер (01.07.2025)", "action_flag": 1, "change_message": "[{\"added\": {}}]"}}, {"model": "admin.logentry", "pk": 261, "fields": {"action_time": "2025-05-19T19:52:19.393Z", "user": 3, "content_type": 12, "object_id": "6", "object_repr": "Фотовыставка \"Городские пейзажи\" (31.08.2025)", "action_flag": 2, "change_message": "[{\"changed\": {\"fields\": [\"\\u0418\\u0437\\u043e\\u0431\\u0440\\u0430\\u0436\\u0435\\u043d\\u0438\\u0435\"]}}]"}}, {"model": "admin.logentry", "pk": 262, "fields": {"action_time": "2025-05-19T19:52:41.945Z", "user": 3, "content_type": 12, "object_id": "5", "object_repr": "Выставка современного искусства (07.07.2025)", "action_flag": 2, "change_message": "[{\"changed\": {\"fields\": [\"\\u0418\\u0437\\u043e\\u0431\\u0440\\u0430\\u0436\\u0435\\u043d\\u0438\\u0435\"]}}]"}}, {"model": "admin.logentry", "pk": 263, "fields": {"action_time": "2025-05-19T19:52:54.815Z", "user": 3, "content_type": 12, "object_id": "4", "object_repr": "Стендап-вечер (01.07.2025)", "action_flag": 2, "change_message": "[{\"changed\": {\"fields\": [\"\\u0418\\u0437\\u043e\\u0431\\u0440\\u0430\\u0436\\u0435\\u043d\\u0438\\u0435\"]}}]"}}, {"model": "admin.logentry", "pk": 264, "fields": {"action_time": "2025-05-19T19:53:08.367Z", "user": 3, "content_type": 12, "object_id": "3", "object_repr": "Танцевальный баттл (02.08.2025)", "action_flag": 2, "change_message": "[{\"changed\": {\"fields\": [\"\\u0418\\u0437\\u043e\\u0431\\u0440\\u0430\\u0436\\u0435\\u043d\\u0438\\u0435\"]}}]"}}, {"model": "admin.logentry", "pk": 265, "fields": {"action_time": "2025-05-19T19:57:26.640Z", "user": 3, "content_type": 16, "object_id": "3", "object_repr": "Бизнес-лаунж", "action_flag": 2, "change_message": "[{\"changed\": {\"fields\": [\"\\u0418\\u0437\\u043e\\u0431\\u0440\\u0430\\u0436\\u0435\\u043d\\u0438\\u0435\"]}}]"}}, {"model": "admin.logentry", "pk": 266, "fields": {"action_time": "2025-05-19T19:57:35.822Z", "user": 3, "content_type": 16, "object_id": "2", "object_repr": "Конференц-зал", "action_flag": 2, "change_message": "[{\"changed\": {\"fields\": [\"\\u0418\\u0437\\u043e\\u0431\\u0440\\u0430\\u0436\\u0435\\u043d\\u0438\\u0435\"]}}]"}}, {"model": "admin.logentry", "pk": 267, "fields": {"action_time": "2025-05-19T19:57:43.636Z", "user": 3, "content_type": 16, "object_id": "1", "object_repr": "Коворкинг", "action_flag": 2, "change_message": "[{\"changed\": {\"fields\": [\"\\u0418\\u0437\\u043e\\u0431\\u0440\\u0430\\u0436\\u0435\\u043d\\u0438\\u0435\"]}}]"}}, {"model": "admin.logentry", "pk": 268, "fields": {"action_time": "2025-05-20T19:09:37.194Z", "user": 3, "content_type": 9, "object_id": "1", "object_repr": "Выставка современного искусства (07.07.2025)", "action_flag": 2, "change_message": "[{\"changed\": {\"fields\": [\"\\u041f\\u043e\\u043a\\u0430\\u0437\\u044b\\u0432\\u0430\\u0442\\u044c\"]}}]"}}, {"model": "admin.logentry", "pk": 269, "fields": {"action_time": "2025-05-20T19:25:57.935Z", "user": 3, "content_type": 9, "object_id": "8", "object_repr": "Стендап-вечер (01.07.2025)", "action_flag": 2, "change_message": "[]"}}, {"model": "admin.logentry", "pk": 270, "fields": {"action_time": "2025-05-20T19:26:01.757Z", "user": 3, "content_type": 9, "object_id": "1", "object_repr": "Выставка современного искусства (07.07.2025)", "action_flag": 2, "change_message": "[{\"changed\": {\"fields\": [\"\\u041f\\u043e\\u043a\\u0430\\u0437\\u044b\\u0432\\u0430\\u0442\\u044c\"]}}]"}}, {"model": "admin.logentry", "pk": 271, "fields": {"action_time": "2025-05-20T19:26:27.720Z", "user": 3, "content_type": 9, "object_id": "1", "object_repr": "Выставка современного искусства (07.07.2025)", "action_flag": 2, "change_message": "[{\"changed\": {\"fields\": [\"\\u041f\\u043e\\u043a\\u0430\\u0437\\u044b\\u0432\\u0430\\u0442\\u044c\"]}}]"}}, {"model": "admin.logentry", "pk": 272, "fields": {"action_time": "2025-05-20T20:00:36.129Z", "user": 3, "content_type": 9, "object_id": "8", "object_repr": "Стендап-вечер (01.05.2025)", "action_flag": 2, "change_message": "[{\"changed\": {\"fields\": [\"\\u0414\\u0430\\u0442\\u0430 \\u043f\\u0440\\u043e\\u0432\\u0435\\u0434\\u0435\\u043d\\u0438\\u044f\"]}}]"}}, {"model": "admin.logentry", "pk": 273, "fields": {"action_time": "2025-05-20T20:10:16.170Z", "user": 3, "content_type": 15, "object_id": "7", "object_repr": "Лекторий", "action_flag": 2, "change_message": "[{\"changed\": {\"fields\": [\"\\u041f\\u043e\\u043a\\u0430\\u0437\\u044b\\u0432\\u0430\\u0442\\u044c\"]}}]"}}, {"model": "admin.logentry", "pk": 274, "fields": {"action_time": "2025-05-20T21:31:14.347Z", "user": 3, "content_type": 14, "object_id": "11", "object_repr": "Носкова Юлиана на Кулинарный мастер-класс (10.08.2025)", "action_flag": 1, "change_message": "[{\"added\": {}}]"}}, {"model": "admin.logentry", "pk": 275, "fields": {"action_time": "2025-05-25T13:21:02.316Z", "user": 3, "content_type": 18, "object_id": "11", "object_repr": "Актовый зал на 30.05.2025-31.05.2025 для Роман Зуев", "action_flag": 1, "change_message": "[{\"added\": {}}]"}}, {"model": "admin.logentry", "pk": 276, "fields": {"action_time": "2025-05-25T13:38:14.977Z", "user": 3, "content_type": 18, "object_id": "10", "object_repr": "Актовый зал на 10.08.2025-10.08.2025 для Алла Федосеева", "action_flag": 3, "change_message": ""}}, {"model": "admin.logentry", "pk": 277, "fields": {"action_time": "2025-05-25T13:38:14.977Z", "user": 3, "content_type": 18, "object_id": "4", "object_repr": "Актовый зал на 29.08.2025-31.08.2025 для Матвей Веселов", "action_flag": 3, "change_message": ""}}, {"model": "admin.logentry", "pk": 278, "fields": {"action_time": "2025-05-25T13:39:47.882Z", "user": 3, "content_type": 18, "object_id": "9", "object_repr": "Кинозал на 01.07.2025-04.07.2025 для Матвей Веселов", "action_flag": 3, "change_message": ""}}, {"model": "admin.logentry", "pk": 279, "fields": {"action_time": "2025-05-25T13:39:47.882Z", "user": 3, "content_type": 18, "object_id": "8", "object_repr": "Танцевальный зал на 31.07.2025-31.07.2025 для Матвей Веселов", "action_flag": 3, "change_message": ""}}, {"model": "admin.logentry", "pk": 280, "fields": {"action_time": "2025-05-25T13:39:47.882Z", "user": 3, "content_type": 18, "object_id": "7", "object_repr": "Кулинарная студия на 09.08.2025-09.08.2025 для Юрий Белоусов", "action_flag": 3, "change_message": ""}}, {"model": "admin.logentry", "pk": 281, "fields": {"action_time": "2025-05-25T13:39:47.882Z", "user": 3, "content_type": 18, "object_id": "6", "object_repr": "Коворкинг на 11.08.2025-12.08.2025 для Милана Фомичева", "action_flag": 3, "change_message": ""}}, {"model": "admin.logentry", "pk": 282, "fields": {"action_time": "2025-05-25T13:39:47.882Z", "user": 3, "content_type": 18, "object_id": "5", "object_repr": "Бизнес-лаунж на 25.07.2025-25.07.2025 для Ева Моисеева", "action_flag": 3, "change_message": ""}}, {"model": "admin.logentry", "pk": 283, "fields": {"action_time": "2025-05-25T13:39:47.882Z", "user": 3, "content_type": 18, "object_id": "3", "object_repr": "Фотостудия на 03.08.2025-03.08.2025 для Матвей Веселов", "action_flag": 3, "change_message": ""}}, {"model": "admin.logentry", "pk": 284, "fields": {"action_time": "2025-05-25T13:39:47.882Z", "user": 3, "content_type": 18, "object_id": "2", "object_repr": "Конференц-зал на 08.07.2025-10.07.2025 для Роман Зуев", "action_flag": 3, "change_message": ""}}, {"model": "admin.logentry", "pk": 285, "fields": {"action_time": "2025-05-25T13:39:47.883Z", "user": 3, "content_type": 18, "object_id": "1", "object_repr": "Творческая мастерская на 04.08.2025-10.08.2025 для Матвей Веселов", "action_flag": 3, "change_message": ""}}, {"model": "admin.logentry", "pk": 286, "fields": {"action_time": "2025-05-25T13:40:33.616Z", "user": 3, "content_type": 18, "object_id": "12", "object_repr": "Коворкинг на 08.07.2025-08.07.2025 для Алла Федосеева", "action_flag": 1, "change_message": "[{\"added\": {}}]"}}, {"model": "admin.logentry", "pk": 287, "fields": {"action_time": "2025-05-25T13:41:08.230Z", "user": 3, "content_type": 18, "object_id": "13", "object_repr": "Творческая мастерская на 25.08.2025-25.08.2025 для Милана Фомичева", "action_flag": 1, "change_message": "[{\"added\": {}}]"}}, {"model": "admin.logentry", "pk": 288, "fields": {"action_time": "2025-05-25T13:42:29.069Z", "user": 3, "content_type": 18, "object_id": "14", "object_repr": "Актовый зал на 08.07.2025-13.07.2025 для Матвей Веселов", "action_flag": 1, "change_message": "[{\"added\": {}}]"}}, {"model": "admin.logentry", "pk": 289, "fields": {"action_time": "2025-05-25T13:42:48.730Z", "user": 3, "content_type": 18, "object_id": "15", "object_repr": "Актовый зал на 07.07.2025-13.07.2025 для Матвей Веселов", "action_flag": 1, "change_message": "[{\"added\": {}}]"}}, {"model": "admin.logentry", "pk": 290, "fields": {"action_time": "2025-05-25T13:44:48.816Z", "user": 3, "content_type": 18, "object_id": "16", "object_repr": "Кулинарная студия на 04.08.2025-04.08.2025 для Юрий Белоусов", "action_flag": 1, "change_message": "[{\"added\": {}}]"}}, {"model": "admin.logentry", "pk": 291, "fields": {"action_time": "2025-05-25T13:45:12.541Z", "user": 3, "content_type": 18, "object_id": "17", "object_repr": "Актовый зал на 29.08.2025-31.08.2025 для Ева Моисеева", "action_flag": 1, "change_message": "[{\"added\": {}}]"}}, {"model": "admin.logentry", "pk": 292, "fields": {"action_time": "2025-05-25T17:41:22.841Z", "user": 3, "content_type": 9, "object_id": "8", "object_repr": "Стендап-вечер (01.05.2025)", "action_flag": 3, "change_message": ""}}, {"model": "admin.logentry", "pk": 293, "fields": {"action_time": "2025-05-25T17:41:22.841Z", "user": 3, "content_type": 9, "object_id": "1", "object_repr": "Выставка современного искусства (07.07.2025)", "action_flag": 3, "change_message": ""}}, {"model": "admin.logentry", "pk": 294, "fields": {"action_time": "2025-05-25T17:41:22.841Z", "user": 3, "content_type": 9, "object_id": "10", "object_repr": "Турнир по настольным играм (14.07.2025)", "action_flag": 3, "change_message": ""}}, {"model": "admin.logentry", "pk": 295, "fields": {"action_time": "2025-05-25T17:41:22.841Z", "user": 3, "content_type": 9, "object_id": "4", "object_repr": "Кинопоказ короткометражек (18.07.2025)", "action_flag": 3, "change_message": ""}}, {"model": "admin.logentry", "pk": 296, "fields": {"action_time": "2025-05-25T17:41:22.841Z", "user": 3, "content_type": 9, "object_id": "5", "object_repr": "Поэтический вечер (19.07.2025)", "action_flag": 3, "change_message": ""}}, {"model": "admin.logentry", "pk": 297, "fields": {"action_time": "2025-05-25T17:41:22.842Z", "user": 3, "content_type": 9, "object_id": "6", "object_repr": "Танцевальный баттл (02.08.2025)", "action_flag": 3, "change_message": ""}}, {"model": "admin.logentry", "pk": 298, "fields": {"action_time": "2025-05-25T17:41:22.842Z", "user": 3, "content_type": 9, "object_id": "3", "object_repr": "Мастер-класс по живописи (05.08.2025)", "action_flag": 3, "change_message": ""}}, {"model": "admin.logentry", "pk": 299, "fields": {"action_time": "2025-05-25T17:41:22.842Z", "user": 3, "content_type": 9, "object_id": "9", "object_repr": "Кулинарный мастер-класс (10.08.2025)", "action_flag": 3, "change_message": ""}}, {"model": "admin.logentry", "pk": 300, "fields": {"action_time": "2025-05-25T17:41:22.842Z", "user": 3, "content_type": 9, "object_id": "2", "object_repr": "Научная конференция по AI (13.08.2025)", "action_flag": 3, "change_message": ""}}, {"model": "admin.logentry", "pk": 301, "fields": {"action_time": "2025-05-25T17:41:22.842Z", "user": 3, "content_type": 9, "object_id": "7", "object_repr": "Фотовыставка \"Городские пейзажи\" (31.08.2025)", "action_flag": 3, "change_message": ""}}, {"model": "admin.logentry", "pk": 302, "fields": {"action_time": "2025-05-25T17:52:21.947Z", "user": 3, "content_type": 9, "object_id": "1", "object_repr": "Стендап-вечер (01.05.2025)", "action_flag": 1, "change_message": "[{\"added\": {}}, {\"added\": {\"name\": \"\\u041c\\u0435\\u0440\\u043e\\u043f\\u0440\\u0438\\u044f\\u0442\\u0438\\u044f \\u0438 \\u043e\\u0441\\u043e\\u0431\\u0435\\u043d\\u043d\\u043e\\u0441\\u0442\\u0438\", \"object\": \"\\u0421\\u0442\\u0435\\u043d\\u0434\\u0430\\u043f-\\u0432\\u0435\\u0447\\u0435\\u0440\\u0421\\u0442\\u0435\\u043d\\u0434\\u0430\\u043f\"}}]"}}, {"model": "admin.logentry", "pk": 303, "fields": {"action_time": "2025-05-25T17:53:22.249Z", "user": 3, "content_type": 9, "object_id": "2", "object_repr": "Выставка современного искусства (07.07.2025)", "action_flag": 1, "change_message": "[{\"added\": {}}, {\"added\": {\"name\": \"\\u041c\\u0435\\u0440\\u043e\\u043f\\u0440\\u0438\\u044f\\u0442\\u0438\\u044f \\u0438 \\u043e\\u0441\\u043e\\u0431\\u0435\\u043d\\u043d\\u043e\\u0441\\u0442\\u0438\", \"object\": \"\\u0412\\u044b\\u0441\\u0442\\u0430\\u0432\\u043a\\u0430 \\u0441\\u043e\\u0432\\u0440\\u0435\\u043c\\u0435\\u043d\\u043d\\u043e\\u0433\\u043e \\u0438\\u0441\\u043a\\u0443\\u0441\\u0441\\u0442\\u0432\\u0430\\u0422\\u0430\\u043d\\u0446\\u044b\"}}, {\"added\": {\"name\": \"\\u041c\\u0435\\u0440\\u043e\\u043f\\u0440\\u0438\\u044f\\u0442\\u0438\\u044f \\u0438 \\u043e\\u0441\\u043e\\u0431\\u0435\\u043d\\u043d\\u043e\\u0441\\u0442\\u0438\", \"object\": \"\\u0412\\u044b\\u0441\\u0442\\u0430\\u0432\\u043a\\u0430 \\u0441\\u043e\\u0432\\u0440\\u0435\\u043c\\u0435\\u043d\\u043d\\u043e\\u0433\\u043e \\u0438\\u0441\\u043a\\u0443\\u0441\\u0441\\u0442\\u0432\\u0430\\u041c\\u0430\\u0441\\u0442\\u0435\\u0440-\\u043a\\u043b\\u0430\\u0441\\u0441\"}}, {\"added\": {\"name\": \"\\u041c\\u0435\\u0440\\u043e\\u043f\\u0440\\u0438\\u044f\\u0442\\u0438\\u044f \\u0438 \\u043e\\u0441\\u043e\\u0431\\u0435\\u043d\\u043d\\u043e\\u0441\\u0442\\u0438\", \"object\": \"\\u0412\\u044b\\u0441\\u0442\\u0430\\u0432\\u043a\\u0430 \\u0441\\u043e\\u0432\\u0440\\u0435\\u043c\\u0435\\u043d\\u043d\\u043e\\u0433\\u043e \\u0438\\u0441\\u043a\\u0443\\u0441\\u0441\\u0442\\u0432\\u0430\\u0425\\u0443\\u0434\\u043e\\u0436\\u0435\\u0441\\u0442\\u0432\\u0435\\u043d\\u043d\\u0430\\u044f \\u0432\\u044b\\u0441\\u0442\\u0430\\u0432\\u043a\\u0430\"}}]"}}, {"model": "admin.logentry", "pk": 304, "fields": {"action_time": "2025-05-25T17:54:04.519Z", "user": 3, "content_type": 9, "object_id": "2", "object_repr": "Выставка современного искусства (07.07.2025)", "action_flag": 2, "change_message": "[{\"changed\": {\"fields\": [\"\\u041e\\u043f\\u0438\\u0441\\u0430\\u043d\\u0438\\u0435\"]}}]"}}, {"model": "admin.logentry", "pk": 305, "fields": {"action_time": "2025-05-25T17:54:56.234Z", "user": 3, "content_type": 9, "object_id": "3", "object_repr": "Научная конференция по AI (19.06.2025)", "action_flag": 1, "change_message": "[{\"added\": {}}, {\"added\": {\"name\": \"\\u041c\\u0435\\u0440\\u043e\\u043f\\u0440\\u0438\\u044f\\u0442\\u0438\\u044f \\u0438 \\u043e\\u0441\\u043e\\u0431\\u0435\\u043d\\u043d\\u043e\\u0441\\u0442\\u0438\", \"object\": \"\\u041d\\u0430\\u0443\\u0447\\u043d\\u0430\\u044f \\u043a\\u043e\\u043d\\u0444\\u0435\\u0440\\u0435\\u043d\\u0446\\u0438\\u044f \\u043f\\u043e AI\\u041d\\u0430\\u0443\\u043a\\u0430\"}}]"}}, {"model": "admin.logentry", "pk": 306, "fields": {"action_time": "2025-05-25T17:55:32.033Z", "user": 3, "content_type": 9, "object_id": "4", "object_repr": "Мастер-класс по живописи (09.06.2025)", "action_flag": 1, "change_message": "[{\"added\": {}}, {\"added\": {\"name\": \"\\u041c\\u0435\\u0440\\u043e\\u043f\\u0440\\u0438\\u044f\\u0442\\u0438\\u044f \\u0438 \\u043e\\u0441\\u043e\\u0431\\u0435\\u043d\\u043d\\u043e\\u0441\\u0442\\u0438\", \"object\": \"\\u041c\\u0430\\u0441\\u0442\\u0435\\u0440-\\u043a\\u043b\\u0430\\u0441\\u0441 \\u043f\\u043e \\u0436\\u0438\\u0432\\u043e\\u043f\\u0438\\u0441\\u0438\\u041c\\u0430\\u0441\\u0442\\u0435\\u0440-\\u043a\\u043b\\u0430\\u0441\\u0441\"}}]"}}, {"model": "admin.logentry", "pk": 307, "fields": {"action_time": "2025-05-25T17:56:06.486Z", "user": 3, "content_type": 9, "object_id": "5", "object_repr": "Кинопоказ короткометражек (04.08.2025)", "action_flag": 1, "change_message": "[{\"added\": {}}, {\"added\": {\"name\": \"\\u041c\\u0435\\u0440\\u043e\\u043f\\u0440\\u0438\\u044f\\u0442\\u0438\\u044f \\u0438 \\u043e\\u0441\\u043e\\u0431\\u0435\\u043d\\u043d\\u043e\\u0441\\u0442\\u0438\", \"object\": \"\\u041a\\u0438\\u043d\\u043e\\u043f\\u043e\\u043a\\u0430\\u0437 \\u043a\\u043e\\u0440\\u043e\\u0442\\u043a\\u043e\\u043c\\u0435\\u0442\\u0440\\u0430\\u0436\\u0435\\u043a\\u041a\\u0438\\u043d\\u043e\\u043f\\u043e\\u043a\\u0430\\u0437\"}}]"}}, {"model": "admin.logentry", "pk": 308, "fields": {"action_time": "2025-05-25T17:57:06.739Z", "user": 3, "content_type": 9, "object_id": "6", "object_repr": "Поэтический вечер (31.07.2025)", "action_flag": 1, "change_message": "[{\"added\": {}}, {\"added\": {\"name\": \"\\u041c\\u0435\\u0440\\u043e\\u043f\\u0440\\u0438\\u044f\\u0442\\u0438\\u044f \\u0438 \\u043e\\u0441\\u043e\\u0431\\u0435\\u043d\\u043d\\u043e\\u0441\\u0442\\u0438\", \"object\": \"\\u041f\\u043e\\u044d\\u0442\\u0438\\u0447\\u0435\\u0441\\u043a\\u0438\\u0439 \\u0432\\u0435\\u0447\\u0435\\u0440\\u0422\\u0435\\u0430\\u0442\\u0440\\u0430\\u043b\\u044c\\u043d\\u043e\\u0435 \\u043f\\u0440\\u0435\\u0434\\u0441\\u0442\\u0430\\u0432\\u043b\\u0435\\u043d\\u0438\\u0435\"}}, {\"added\": {\"name\": \"\\u041c\\u0435\\u0440\\u043e\\u043f\\u0440\\u0438\\u044f\\u0442\\u0438\\u044f \\u0438 \\u043e\\u0441\\u043e\\u0431\\u0435\\u043d\\u043d\\u043e\\u0441\\u0442\\u0438\", \"object\": \"\\u041f\\u043e\\u044d\\u0442\\u0438\\u0447\\u0435\\u0441\\u043a\\u0438\\u0439 \\u0432\\u0435\\u0447\\u0435\\u0440\\u042f\\u0440\\u043c\\u0430\\u0440\\u043a\\u0430\"}}]"}}, {"model": "admin.logentry", "pk": 309, "fields": {"action_time": "2025-05-25T17:57:48.735Z", "user": 3, "content_type": 9, "object_id": "7", "object_repr": "Танцевальный баттл (01.07.2025)", "action_flag": 1, "change_message": "[{\"added\": {}}, {\"added\": {\"name\": \"\\u041c\\u0435\\u0440\\u043e\\u043f\\u0440\\u0438\\u044f\\u0442\\u0438\\u044f \\u0438 \\u043e\\u0441\\u043e\\u0431\\u0435\\u043d\\u043d\\u043e\\u0441\\u0442\\u0438\", \"object\": \"\\u0422\\u0430\\u043d\\u0446\\u0435\\u0432\\u0430\\u043b\\u044c\\u043d\\u044b\\u0439 \\u0431\\u0430\\u0442\\u0442\\u043b\\u0422\\u0430\\u043d\\u0446\\u044b\"}}]"}}, {"model": "admin.logentry", "pk": 310, "fields": {"action_time": "2025-05-25T17:58:50.381Z", "user": 3, "content_type": 9, "object_id": "8", "object_repr": "Фотовыставка \"Городские пейзажи\" (23.06.2025)", "action_flag": 1, "change_message": "[{\"added\": {}}, {\"added\": {\"name\": \"\\u041c\\u0435\\u0440\\u043e\\u043f\\u0440\\u0438\\u044f\\u0442\\u0438\\u044f \\u0438 \\u043e\\u0441\\u043e\\u0431\\u0435\\u043d\\u043d\\u043e\\u0441\\u0442\\u0438\", \"object\": \"\\u0424\\u043e\\u0442\\u043e\\u0432\\u044b\\u0441\\u0442\\u0430\\u0432\\u043a\\u0430 \\\"\\u0413\\u043e\\u0440\\u043e\\u0434\\u0441\\u043a\\u0438\\u0435 \\u043f\\u0435\\u0439\\u0437\\u0430\\u0436\\u0438\\\"\\u0425\\u0443\\u0434\\u043e\\u0436\\u0435\\u0441\\u0442\\u0432\\u0435\\u043d\\u043d\\u0430\\u044f \\u0432\\u044b\\u0441\\u0442\\u0430\\u0432\\u043a\\u0430\"}}, {\"added\": {\"name\": \"\\u041c\\u0435\\u0440\\u043e\\u043f\\u0440\\u0438\\u044f\\u0442\\u0438\\u044f \\u0438 \\u043e\\u0441\\u043e\\u0431\\u0435\\u043d\\u043d\\u043e\\u0441\\u0442\\u0438\", \"object\": \"\\u0424\\u043e\\u0442\\u043e\\u0432\\u044b\\u0441\\u0442\\u0430\\u0432\\u043a\\u0430 \\\"\\u0413\\u043e\\u0440\\u043e\\u0434\\u0441\\u043a\\u0438\\u0435 \\u043f\\u0435\\u0439\\u0437\\u0430\\u0436\\u0438\\\"\\u041d\\u0430\\u0443\\u043a\\u0430\"}}]"}}, {"model": "admin.logentry", "pk": 311, "fields": {"action_time": "2025-05-25T17:59:38.272Z", "user": 3, "content_type": 9, "object_id": "9", "object_repr": "Кулинарный мастер-класс (18.08.2025)", "action_flag": 1, "change_message": "[{\"added\": {}}, {\"added\": {\"name\": \"\\u041c\\u0435\\u0440\\u043e\\u043f\\u0440\\u0438\\u044f\\u0442\\u0438\\u044f \\u0438 \\u043e\\u0441\\u043e\\u0431\\u0435\\u043d\\u043d\\u043e\\u0441\\u0442\\u0438\", \"object\": \"\\u041a\\u0443\\u043b\\u0438\\u043d\\u0430\\u0440\\u043d\\u044b\\u0439 \\u043c\\u0430\\u0441\\u0442\\u0435\\u0440-\\u043a\\u043b\\u0430\\u0441\\u0441\\u041c\\u0430\\u0441\\u0442\\u0435\\u0440-\\u043a\\u043b\\u0430\\u0441\\u0441\"}}]"}}, {"model": "admin.logentry", "pk": 312, "fields": {"action_time": "2025-05-25T18:00:27.799Z", "user": 3, "content_type": 9, "object_id": "10", "object_repr": "Турнир по настольным играм (14.07.2025)", "action_flag": 1, "change_message": "[{\"added\": {}}, {\"added\": {\"name\": \"\\u041c\\u0435\\u0440\\u043e\\u043f\\u0440\\u0438\\u044f\\u0442\\u0438\\u044f \\u0438 \\u043e\\u0441\\u043e\\u0431\\u0435\\u043d\\u043d\\u043e\\u0441\\u0442\\u0438\", \"object\": \"\\u0422\\u0443\\u0440\\u043d\\u0438\\u0440 \\u043f\\u043e \\u043d\\u0430\\u0441\\u0442\\u043e\\u043b\\u044c\\u043d\\u044b\\u043c \\u0438\\u0433\\u0440\\u0430\\u043c\\u041c\\u0430\\u0441\\u0442\\u0435\\u0440-\\u043a\\u043b\\u0430\\u0441\\u0441\"}}, {\"added\": {\"name\": \"\\u041c\\u0435\\u0440\\u043e\\u043f\\u0440\\u0438\\u044f\\u0442\\u0438\\u044f \\u0438 \\u043e\\u0441\\u043e\\u0431\\u0435\\u043d\\u043d\\u043e\\u0441\\u0442\\u0438\", \"object\": \"\\u0422\\u0443\\u0440\\u043d\\u0438\\u0440 \\u043f\\u043e \\u043d\\u0430\\u0441\\u0442\\u043e\\u043b\\u044c\\u043d\\u044b\\u043c \\u0438\\u0433\\u0440\\u0430\\u043c\\u042f\\u0440\\u043c\\u0430\\u0440\\u043a\\u0430\"}}]"}}, {"model": "admin.logentry", "pk": 313, "fields": {"action_time": "2025-05-25T18:02:28.522Z", "user": 3, "content_type": 18, "object_id": "18", "object_repr": "Творческая мастерская на 01.07.2025-01.07.2025 для Юрий Белоусов", "action_flag": 1, "change_message": "[{\"added\": {}}]"}}, {"model": "admin.logentry", "pk": 314, "fields": {"action_time": "2025-05-25T18:02:53.814Z", "user": 3, "content_type": 18, "object_id": "19", "object_repr": "Бизнес-лаунж на 11.07.2025-17.07.2025 для Ева Моисеева", "action_flag": 1, "change_message": "[{\"added\": {}}]"}}, {"model": "admin.logentry", "pk": 315, "fields": {"action_time": "2025-05-25T18:03:22.551Z", "user": 3, "content_type": 18, "object_id": "20", "object_repr": "Фотостудия на 28.07.2025-28.07.2025 для Матвей Веселов", "action_flag": 1, "change_message": "[{\"added\": {}}]"}}, {"model": "admin.logentry", "pk": 316, "fields": {"action_time": "2025-05-25T18:03:52.391Z", "user": 3, "content_type": 17, "object_id": "9", "object_repr": "Носкова Юлиана", "action_flag": 3, "change_message": ""}}, {"model": "admin.logentry", "pk": 317, "fields": {"action_time": "2025-05-25T18:03:52.391Z", "user": 3, "content_type": 17, "object_id": "7", "object_repr": "Матвей Веселов", "action_flag": 3, "change_message": ""}}, {"model": "admin.logentry", "pk": 318, "fields": {"action_time": "2025-05-25T18:03:52.391Z", "user": 3, "content_type": 17, "object_id": "6", "object_repr": "Милана Усоева", "action_flag": 3, "change_message": ""}}, {"model": "admin.logentry", "pk": 319, "fields": {"action_time": "2025-05-25T18:03:52.391Z", "user": 3, "content_type": 17, "object_id": "2", "object_repr": "Матвей Веселов", "action_flag": 3, "change_message": ""}}, {"model": "admin.logentry", "pk": 320, "fields": {"action_time": "2025-05-25T18:03:57.816Z", "user": 3, "content_type": 17, "object_id": "12", "object_repr": "Алла Федосеева", "action_flag": 1, "change_message": "[{\"added\": {}}]"}}, {"model": "admin.logentry", "pk": 321, "fields": {"action_time": "2025-05-25T18:04:01.722Z", "user": 3, "content_type": 17, "object_id": "13", "object_repr": "Милана Усоева", "action_flag": 1, "change_message": "[{\"added\": {}}]"}}, {"model": "admin.logentry", "pk": 322, "fields": {"action_time": "2025-05-25T18:04:06.248Z", "user": 3, "content_type": 17, "object_id": "14", "object_repr": "Матвей Веселов", "action_flag": 1, "change_message": "[{\"added\": {}}]"}}, {"model": "admin.logentry", "pk": 323, "fields": {"action_time": "2025-05-25T18:04:13.188Z", "user": 3, "content_type": 17, "object_id": "15", "object_repr": "Матвей Веселов", "action_flag": 1, "change_message": "[{\"added\": {}}]"}}, {"model": "admin.logentry", "pk": 324, "fields": {"action_time": "2025-05-25T18:04:18.591Z", "user": 3, "content_type": 17, "object_id": "16", "object_repr": "Роман Зуев", "action_flag": 1, "change_message": "[{\"added\": {}}]"}}, {"model": "admin.logentry", "pk": 325, "fields": {"action_time": "2025-05-25T18:04:22.092Z", "user": 3, "content_type": 17, "object_id": "17", "object_repr": "Екатерина Карандасова", "action_flag": 1, "change_message": "[{\"added\": {}}]"}}, {"model": "admin.logentry", "pk": 326, "fields": {"action_time": "2025-05-25T18:04:28.209Z", "user": 3, "content_type": 17, "object_id": "18", "object_repr": "Юрий Белоусов", "action_flag": 1, "change_message": "[{\"added\": {}}]"}}, {"model": "admin.logentry", "pk": 327, "fields": {"action_time": "2025-05-25T18:04:35.782Z", "user": 3, "content_type": 17, "object_id": "19", "object_repr": "Матвей Веселов", "action_flag": 1, "change_message": "[{\"added\": {}}]"}}, {"model": "admin.logentry", "pk": 328, "fields": {"action_time": "2025-05-25T18:04:43.090Z", "user": 3, "content_type": 17, "object_id": "20", "object_repr": "Алла Федосеева", "action_flag": 1, "change_message": "[{\"added\": {}}]"}}, {"model": "admin.logentry", "pk": 329, "fields": {"action_time": "2025-05-25T18:05:05.655Z", "user": 3, "content_type": 17, "object_id": "21", "object_repr": "Милана Усоева", "action_flag": 1, "change_message": "[{\"added\": {}}]"}}, {"model": "admin.logentry", "pk": 330, "fields": {"action_time": "2025-05-25T18:05:20.307Z", "user": 3, "content_type": 17, "object_id": "22", "object_repr": "Матвей Веселов", "action_flag": 1, "change_message": "[{\"added\": {}}]"}}, {"model": "admin.logentry", "pk": 331, "fields": {"action_time": "2025-05-25T18:06:26.961Z", "user": 3, "content_type": 14, "object_id": "12", "object_repr": "Матвей Веселов на Кинопоказ короткометражек (04.08.2025)", "action_flag": 1, "change_message": "[{\"added\": {}}]"}}, {"model": "admin.logentry", "pk": 332, "fields": {"action_time": "2025-05-25T18:06:36.111Z", "user": 3, "content_type": 14, "object_id": "13", "object_repr": "Алла Федосеева на Мастер-класс по живописи (09.06.2025)", "action_flag": 1, "change_message": "[{\"added\": {}}]"}}, {"model": "admin.logentry", "pk": 333, "fields": {"action_time": "2025-05-25T18:06:42.414Z", "user": 3, "content_type": 14, "object_id": "14", "object_repr": "Носкова Юлиана на Кулинарный мастер-класс (18.08.2025)", "action_flag": 1, "change_message": "[{\"added\": {}}]"}}, {"model": "admin.logentry", "pk": 334, "fields": {"action_time": "2025-05-25T18:06:48.739Z", "user": 3, "content_type": 14, "object_id": "15", "object_repr": "Носкова Юлиана на Поэтический вечер (31.07.2025)", "action_flag": 1, "change_message": "[{\"added\": {}}]"}}, {"model": "admin.logentry", "pk": 335, "fields": {"action_time": "2025-05-25T18:06:55.611Z", "user": 3, "content_type": 14, "object_id": "16", "object_repr": "Матвей Веселов на Кинопоказ короткометражек (04.08.2025)", "action_flag": 1, "change_message": "[{\"added\": {}}]"}}, {"model": "admin.logentry", "pk": 336, "fields": {"action_time": "2025-05-25T18:07:00.415Z", "user": 3, "content_type": 14, "object_id": "17", "object_repr": "Роман Зуев на Турнир по настольным играм (14.07.2025)", "action_flag": 1, "change_message": "[{\"added\": {}}]"}}, {"model": "admin.logentry", "pk": 337, "fields": {"action_time": "2025-05-25T18:07:07.246Z", "user": 3, "content_type": 14, "object_id": "18", "object_repr": "Екатерина Карандасова на Турнир по настольным играм (14.07.2025)", "action_flag": 1, "change_message": "[{\"added\": {}}]"}}, {"model": "admin.logentry", "pk": 338, "fields": {"action_time": "2025-05-25T18:07:12.839Z", "user": 3, "content_type": 14, "object_id": "19", "object_repr": "Роман Зуев на Научная конференция по AI (19.06.2025)", "action_flag": 1, "change_message": "[{\"added\": {}}]"}}, {"model": "admin.logentry", "pk": 339, "fields": {"action_time": "2025-05-25T18:07:18.660Z", "user": 3, "content_type": 14, "object_id": "20", "object_repr": "Милана Усоева на Стендап-вечер (01.05.2025)", "action_flag": 1, "change_message": "[{\"added\": {}}]"}}, {"model": "admin.logentry", "pk": 340, "fields": {"action_time": "2025-05-25T18:07:32.900Z", "user": 3, "content_type": 14, "object_id": "21", "object_repr": "Юрий Белоусов на Танцевальный баттл (01.07.2025)", "action_flag": 1, "change_message": "[{\"added\": {}}]"}}, {"model": "admin.logentry", "pk": 341, "fields": {"action_time": "2025-05-25T18:08:22.358Z", "user": 3, "content_type": 19, "object_id": "11", "object_repr": "От Матвей Веселов на Творческая мастерская", "action_flag": 3, "change_message": ""}}, {"model": "admin.logentry", "pk": 342, "fields": {"action_time": "2025-05-25T18:08:22.358Z", "user": 3, "content_type": 19, "object_id": "10", "object_repr": "От Юрий Белоусов на Конференц-зал", "action_flag": 3, "change_message": ""}}, {"model": "admin.logentry", "pk": 343, "fields": {"action_time": "2025-05-25T18:08:22.358Z", "user": 3, "content_type": 19, "object_id": "9", "object_repr": "От Носкова Юлиана на Кулинарная студия", "action_flag": 3, "change_message": ""}}, {"model": "admin.logentry", "pk": 344, "fields": {"action_time": "2025-05-25T18:08:22.358Z", "user": 3, "content_type": 19, "object_id": "8", "object_repr": "От Матвей Веселов на Фотостудия", "action_flag": 3, "change_message": ""}}, {"model": "admin.logentry", "pk": 345, "fields": {"action_time": "2025-05-25T18:08:22.358Z", "user": 3, "content_type": 19, "object_id": "7", "object_repr": "От Милана Фомичева на Лекторий", "action_flag": 3, "change_message": ""}}, {"model": "admin.logentry", "pk": 346, "fields": {"action_time": "2025-05-25T18:08:22.358Z", "user": 3, "content_type": 19, "object_id": "6", "object_repr": "От Милана Усоева на Коворкинг", "action_flag": 3, "change_message": ""}}, {"model": "admin.logentry", "pk": 347, "fields": {"action_time": "2025-05-25T18:08:22.358Z", "user": 3, "content_type": 19, "object_id": "5", "object_repr": "От Кирилл Тимашёв на Танцевальный зал", "action_flag": 3, "change_message": ""}}, {"model": "admin.logentry", "pk": 348, "fields": {"action_time": "2025-05-25T18:08:22.358Z", "user": 3, "content_type": 19, "object_id": "4", "object_repr": "От Ева Моисеева на Бизнес-лаунж", "action_flag": 3, "change_message": ""}}, {"model": "admin.logentry", "pk": 349, "fields": {"action_time": "2025-05-25T18:08:22.358Z", "user": 3, "content_type": 19, "object_id": "3", "object_repr": "От Екатерина Карандасова на Кинозал", "action_flag": 3, "change_message": ""}}, {"model": "admin.logentry", "pk": 350, "fields": {"action_time": "2025-05-25T18:08:22.358Z", "user": 3, "content_type": 19, "object_id": "2", "object_repr": "От Роман Зуев на Творческая мастерская", "action_flag": 3, "change_message": ""}}, {"model": "admin.logentry", "pk": 351, "fields": {"action_time": "2025-05-25T18:08:22.358Z", "user": 3, "content_type": 19, "object_id": "1", "object_repr": "От Алла Федосеева на Конференц-зал", "action_flag": 3, "change_message": ""}}, {"model": "admin.logentry", "pk": 352, "fields": {"action_time": "2025-05-25T18:09:15.812Z", "user": 3, "content_type": 19, "object_id": "12", "object_repr": "От Алла Федосеева на Конференц-зал", "action_flag": 1, "change_message": "[{\"added\": {}}]"}}, {"model": "admin.logentry", "pk": 353, "fields": {"action_time": "2025-05-25T18:09:29.455Z", "user": 3, "content_type": 19, "object_id": "13", "object_repr": "От Алла Федосеева на Творческая мастерская", "action_flag": 1, "change_message": "[{\"added\": {}}]"}}, {"model": "admin.logentry", "pk": 354, "fields": {"action_time": "2025-05-25T18:09:40.314Z", "user": 3, "content_type": 19, "object_id": "14", "object_repr": "От Екатерина Карандасова на Кинозал", "action_flag": 1, "change_message": "[{\"added\": {}}]"}}, {"model": "admin.logentry", "pk": 355, "fields": {"action_time": "2025-05-25T18:09:58.106Z", "user": 3, "content_type": 19, "object_id": "15", "object_repr": "От Кирилл Тимашёв на Бизнес-лаунж", "action_flag": 1, "change_message": "[{\"added\": {}}]"}}, {"model": "admin.logentry", "pk": 356, "fields": {"action_time": "2025-05-25T18:10:09.737Z", "user": 3, "content_type": 19, "object_id": "16", "object_repr": "От Матвей Веселов на Танцевальный зал", "action_flag": 1, "change_message": "[{\"added\": {}}]"}}, {"model": "admin.logentry", "pk": 357, "fields": {"action_time": "2025-05-25T18:10:23.367Z", "user": 3, "content_type": 19, "object_id": "17", "object_repr": "От Алла Федосеева на Бизнес-лаунж", "action_flag": 1, "change_message": "[{\"added\": {}}]"}}, {"model": "admin.logentry", "pk": 358, "fields": {"action_time": "2025-05-25T18:10:32.423Z", "user": 3, "content_type": 19, "object_id": "18", "object_repr": "От Матвей Веселов на Лекторий", "action_flag": 1, "change_message": "[{\"added\": {}}]"}}, {"model": "admin.logentry", "pk": 359, "fields": {"action_time": "2025-05-25T18:10:45.063Z", "user": 3, "content_type": 19, "object_id": "19", "object_repr": "От Носкова Юлиана на Фотостудия", "action_flag": 1, "change_message": "[{\"added\": {}}]"}}, {"model": "admin.logentry", "pk": 360, "fields": {"action_time": "2025-05-25T18:10:55.778Z", "user": 3, "content_type": 19, "object_id": "20", "object_repr": "От Юрий Белоусов на Кулинарная студия", "action_flag": 1, "change_message": "[{\"added\": {}}]"}}, {"model": "admin.logentry", "pk": 361, "fields": {"action_time": "2025-05-25T18:11:06.499Z", "user": 3, "content_type": 19, "object_id": "21", "object_repr": "От Матвей Веселов на Актовый зал", "action_flag": 1, "change_message": "[{\"added\": {}}]"}}, {"model": "admin.logentry", "pk": 362, "fields": {"action_time": "2025-05-26T21:14:26.183Z", "user": 3, "content_type": 9, "object_id": "13", "object_repr": "Стендап-вечер (повтор) (08.05.2025)", "action_flag": 2, "change_message": "[]"}}, {"model": "admin.logentry", "pk": 363, "fields": {"action_time": "2025-05-26T21:15:01.661Z", "user": 3, "content_type": 9, "object_id": "13", "object_repr": "Стендап-вечер (повтор) (08.05.2025)", "action_flag": 3, "change_message": ""}}, {"model": "admin.logentry", "pk": 364, "fields": {"action_time": "2025-05-26T21:15:29.008Z", "user": 3, "content_type": 9, "object_id": "14", "object_repr": "Фотовыставка \"Городские пейзажи\" (повтор) (30.06.2025)", "action_flag": 2, "change_message": "[]"}}, {"model": "admin.logentry", "pk": 365, "fields": {"action_time": "2025-05-26T21:15:55.053Z", "user": 3, "content_type": 9, "object_id": "14", "object_repr": "Фотовыставка \"Городские пейзажи\" (повтор) (30.06.2025)", "action_flag": 3, "change_message": ""}}, {"model": "admin.logentry", "pk": 366, "fields": {"action_time": "2025-05-26T21:16:35.793Z", "user": 3, "content_type": 9, "object_id": "15", "object_repr": "Мастер-класс по живописи (16.06.2025)", "action_flag": 3, "change_message": ""}}, {"model": "admin.logentry", "pk": 367, "fields": {"action_time": "2025-05-26T21:16:53.809Z", "user": 3, "content_type": 9, "object_id": "16", "object_repr": "Мастер-класс по живописи (16.06.2025)", "action_flag": 3, "change_message": ""}}, {"model": "admin.logentry", "pk": 368, "fields": {"action_time": "2025-05-26T21:17:56.077Z", "user": 3, "content_type": 9, "object_id": "1", "object_repr": "Стендап-вечер (01.05.2025)", "action_flag": 2, "change_message": "[{\"changed\": {\"fields\": [\"\\u041f\\u043e\\u043a\\u0430\\u0437\\u044b\\u0432\\u0430\\u0442\\u044c\"]}}]"}}, {"model": "admin.logentry", "pk": 369, "fields": {"action_time": "2025-05-26T21:25:00.316Z", "user": 3, "content_type": 9, "object_id": "4", "object_repr": "Мастер-класс по живописи (09.06.2025)", "action_flag": 2, "change_message": "[{\"changed\": {\"fields\": [\"\\u041f\\u0440\\u0438\\u043b\\u043e\\u0436\\u0435\\u043d\\u0438\\u0435\"]}}]"}}, {"model": "admin.logentry", "pk": 370, "fields": {"action_time": "2025-05-26T21:26:01.899Z", "user": 3, "content_type": 13, "object_id": "6", "object_repr": "Гастрономическая ассоциация", "action_flag": 2, "change_message": "[{\"changed\": {\"fields\": [\"\\u0423\\u0441\\u0442\\u0430\\u0432\"]}}]"}}, {"model": "admin.logentry", "pk": 371, "fields": {"action_time": "2025-05-27T10:13:05.716Z", "user": 3, "content_type": 4, "object_id": "10", "object_repr": "milana0803198", "action_flag": 2, "change_message": "[{\"changed\": {\"fields\": [\"Username\"]}}]"}}, {"model": "admin.logentry", "pk": 372, "fields": {"action_time": "2025-05-27T10:13:48.924Z", "user": 3, "content_type": 4, "object_id": "3", "object_repr": "veselovese", "action_flag": 2, "change_message": "[{\"changed\": {\"name\": \"\\u0414\\u043e\\u043f\\u043e\\u043b\\u043d\\u0438\\u0442\\u0435\\u043b\\u044c\\u043d\\u0430\\u044f \\u0438\\u043d\\u0444\\u043e\\u0440\\u043c\\u0430\\u0446\\u0438\\u044f \\u043e \\u043f\\u043e\\u043b\\u044c\\u0437\\u043e\\u0432\\u0430\\u0442\\u0435\\u043b\\u044f\\u0445\", \"object\": \"\\u041c\\u0430\\u0442\\u0432\\u0435\\u0439 \\u0412\\u0435\\u0441\\u0435\\u043b\\u043e\\u0432 \\u0410\\u043b\\u0435\\u043a\\u0441\\u0430\\u043d\\u0434\\u0440\\u043e\\u0432\\u0438\\u0447\", \"fields\": [\"\\u041f\\u0440\\u043e\\u0444\\u0438\\u043b\\u044c \\u0432 Telegram\"]}}]"}}, {"model": "auth.permission", "pk": 1, "fields": {"name": "Can add log entry", "content_type": 1, "codename": "add_logentry"}}, {"model": "auth.permission", "pk": 2, "fields": {"name": "Can change log entry", "content_type": 1, "codename": "change_logentry"}}, {"model": "auth.permission", "pk": 3, "fields": {"name": "Can delete log entry", "content_type": 1, "codename": "delete_logentry"}}, {"model": "auth.permission", "pk": 4, "fields": {"name": "Can view log entry", "content_type": 1, "codename": "view_logentry"}}, {"model": "auth.permission", "pk": 5, "fields": {"name": "Can add permission", "content_type": 2, "codename": "add_permission"}}, {"model": "auth.permission", "pk": 6, "fields": {"name": "Can change permission", "content_type": 2, "codename": "change_permission"}}, {"model": "auth.permission", "pk": 7, "fields": {"name": "Can delete permission", "content_type": 2, "codename": "delete_permission"}}, {"model": "auth.permission", "pk": 8, "fields": {"name": "Can view permission", "content_type": 2, "codename": "view_permission"}}, {"model": "auth.permission", "pk": 9, "fields": {"name": "Can add group", "content_type": 3, "codename": "add_group"}}, {"model": "auth.permission", "pk": 10, "fields": {"name": "Can change group", "content_type": 3, "codename": "change_group"}}, {"model": "auth.permission", "pk": 11, "fields": {"name": "Can delete group", "content_type": 3, "codename": "delete_group"}}, {"model": "auth.permission", "pk": 12, "fields": {"name": "Can view group", "content_type": 3, "codename": "view_group"}}, {"model": "auth.permission", "pk": 13, "fields": {"name": "Can add user", "content_type": 4, "codename": "add_user"}}, {"model": "auth.permission", "pk": 14, "fields": {"name": "Can change user", "content_type": 4, "codename": "change_user"}}, {"model": "auth.permission", "pk": 15, "fields": {"name": "Can delete user", "content_type": 4, "codename": "delete_user"}}, {"model": "auth.permission", "pk": 16, "fields": {"name": "Can view user", "content_type": 4, "codename": "view_user"}}, {"model": "auth.permission", "pk": 17, "fields": {"name": "Can add content type", "content_type": 5, "codename": "add_contenttype"}}, {"model": "auth.permission", "pk": 18, "fields": {"name": "Can change content type", "content_type": 5, "codename": "change_contenttype"}}, {"model": "auth.permission", "pk": 19, "fields": {"name": "Can delete content type", "content_type": 5, "codename": "delete_contenttype"}}, {"model": "auth.permission", "pk": 20, "fields": {"name": "Can view content type", "content_type": 5, "codename": "view_contenttype"}}, {"model": "auth.permission", "pk": 21, "fields": {"name": "Can add session", "content_type": 6, "codename": "add_session"}}, {"model": "auth.permission", "pk": 22, "fields": {"name": "Can change session", "content_type": 6, "codename": "change_session"}}, {"model": "auth.permission", "pk": 23, "fields": {"name": "Can delete session", "content_type": 6, "codename": "delete_session"}}, {"model": "auth.permission", "pk": 24, "fields": {"name": "Can view session", "content_type": 6, "codename": "view_session"}}, {"model": "auth.permission", "pk": 25, "fields": {"name": "Can add profile", "content_type": 7, "codename": "add_profile"}}, {"model": "auth.permission", "pk": 26, "fields": {"name": "Can change profile", "content_type": 7, "codename": "change_profile"}}, {"model": "auth.permission", "pk": 27, "fields": {"name": "Can delete profile", "content_type": 7, "codename": "delete_profile"}}, {"model": "auth.permission", "pk": 28, "fields": {"name": "Can view profile", "content_type": 7, "codename": "view_profile"}}, {"model": "auth.permission", "pk": 29, "fields": {"name": "Can add Здания", "content_type": 8, "codename": "add_building"}}, {"model": "auth.permission", "pk": 30, "fields": {"name": "Can change Здания", "content_type": 8, "codename": "change_building"}}, {"model": "auth.permission", "pk": 31, "fields": {"name": "Can delete Здания", "content_type": 8, "codename": "delete_building"}}, {"model": "auth.permission", "pk": 32, "fields": {"name": "Can view Здания", "content_type": 8, "codename": "view_building"}}, {"model": "auth.permission", "pk": 33, "fields": {"name": "Can add Мероприятия", "content_type": 9, "codename": "add_event"}}, {"model": "auth.permission", "pk": 34, "fields": {"name": "Can change Мероприятия", "content_type": 9, "codename": "change_event"}}, {"model": "auth.permission", "pk": 35, "fields": {"name": "Can delete Мероприятия", "content_type": 9, "codename": "delete_event"}}, {"model": "auth.permission", "pk": 36, "fields": {"name": "Can view Мероприятия", "content_type": 9, "codename": "view_event"}}, {"model": "auth.permission", "pk": 37, "fields": {"name": "Can add Особенности мероприятий", "content_type": 10, "codename": "add_iteminevents"}}, {"model": "auth.permission", "pk": 38, "fields": {"name": "Can change Особенности мероприятий", "content_type": 10, "codename": "change_iteminevents"}}, {"model": "auth.permission", "pk": 39, "fields": {"name": "Can delete Особенности мероприятий", "content_type": 10, "codename": "delete_iteminevents"}}, {"model": "auth.permission", "pk": 40, "fields": {"name": "Can view Особенности мероприятий", "content_type": 10, "codename": "view_iteminevents"}}, {"model": "auth.permission", "pk": 41, "fields": {"name": "Can add Особенности помещения", "content_type": 11, "codename": "add_iteminspaces"}}, {"model": "auth.permission", "pk": 42, "fields": {"name": "Can change Особенности помещения", "content_type": 11, "codename": "change_iteminspaces"}}, {"model": "auth.permission", "pk": 43, "fields": {"name": "Can delete Особенности помещения", "content_type": 11, "codename": "delete_iteminspaces"}}, {"model": "auth.permission", "pk": 44, "fields": {"name": "Can view Особенности помещения", "content_type": 11, "codename": "view_iteminspaces"}}, {"model": "auth.permission", "pk": 45, "fields": {"name": "Can add Изображения мероприятий", "content_type": 12, "codename": "add_imgageforevents"}}, {"model": "auth.permission", "pk": 46, "fields": {"name": "Can change Изображения мероприятий", "content_type": 12, "codename": "change_imgageforevents"}}, {"model": "auth.permission", "pk": 47, "fields": {"name": "Can delete Изображения мероприятий", "content_type": 12, "codename": "delete_imgageforevents"}}, {"model": "auth.permission", "pk": 48, "fields": {"name": "Can view Изображения мероприятий", "content_type": 12, "codename": "view_imgageforevents"}}, {"model": "auth.permission", "pk": 49, "fields": {"name": "Can add Организаторы", "content_type": 13, "codename": "add_organizer"}}, {"model": "auth.permission", "pk": 50, "fields": {"name": "Can change Организаторы", "content_type": 13, "codename": "change_organizer"}}, {"model": "auth.permission", "pk": 51, "fields": {"name": "Can delete Организаторы", "content_type": 13, "codename": "delete_organizer"}}, {"model": "auth.permission", "pk": 52, "fields": {"name": "Can view Организаторы", "content_type": 13, "codename": "view_organizer"}}, {"model": "auth.permission", "pk": 53, "fields": {"name": "Can add Регистрации", "content_type": 14, "codename": "add_registration"}}, {"model": "auth.permission", "pk": 54, "fields": {"name": "Can change Регистрации", "content_type": 14, "codename": "change_registration"}}, {"model": "auth.permission", "pk": 55, "fields": {"name": "Can delete Регистрации", "content_type": 14, "codename": "delete_registration"}}, {"model": "auth.permission", "pk": 56, "fields": {"name": "Can view Регистрации", "content_type": 14, "codename": "view_registration"}}, {"model": "auth.permission", "pk": 57, "fields": {"name": "Can add Помещения", "content_type": 15, "codename": "add_space"}}, {"model": "auth.permission", "pk": 58, "fields": {"name": "Can change Помещения", "content_type": 15, "codename": "change_space"}}, {"model": "auth.permission", "pk": 59, "fields": {"name": "Can delete Помещения", "content_type": 15, "codename": "delete_space"}}, {"model": "auth.permission", "pk": 60, "fields": {"name": "Can view Помещения", "content_type": 15, "codename": "view_space"}}, {"model": "auth.permission", "pk": 61, "fields": {"name": "Can add Изображения помещений", "content_type": 16, "codename": "add_imgageforspaces"}}, {"model": "auth.permission", "pk": 62, "fields": {"name": "Can change Изображения помещений", "content_type": 16, "codename": "change_imgageforspaces"}}, {"model": "auth.permission", "pk": 63, "fields": {"name": "Can delete Изображения помещений", "content_type": 16, "codename": "delete_imgageforspaces"}}, {"model": "auth.permission", "pk": 64, "fields": {"name": "Can view Изображения помещений", "content_type": 16, "codename": "view_imgageforspaces"}}, {"model": "auth.permission", "pk": 65, "fields": {"name": "Can add Избранное", "content_type": 17, "codename": "add_favourite"}}, {"model": "auth.permission", "pk": 66, "fields": {"name": "Can change Избранное", "content_type": 17, "codename": "change_favourite"}}, {"model": "auth.permission", "pk": 67, "fields": {"name": "Can delete Избранное", "content_type": 17, "codename": "delete_favourite"}}, {"model": "auth.permission", "pk": 68, "fields": {"name": "Can view Избранное", "content_type": 17, "codename": "view_favourite"}}, {"model": "auth.permission", "pk": 69, "fields": {"name": "Can add Бронирования", "content_type": 18, "codename": "add_booking"}}, {"model": "auth.permission", "pk": 70, "fields": {"name": "Can change Бронирования", "content_type": 18, "codename": "change_booking"}}, {"model": "auth.permission", "pk": 71, "fields": {"name": "Can delete Бронирования", "content_type": 18, "codename": "delete_booking"}}, {"model": "auth.permission", "pk": 72, "fields": {"name": "Can view Бронирования", "content_type": 18, "codename": "view_booking"}}, {"model": "auth.permission", "pk": 73, "fields": {"name": "Can add Отзывы на помещения", "content_type": 19, "codename": "add_spacesreview"}}, {"model": "auth.permission", "pk": 74, "fields": {"name": "Can change Отзывы на помещения", "content_type": 19, "codename": "change_spacesreview"}}, {"model": "auth.permission", "pk": 75, "fields": {"name": "Can delete Отзывы на помещения", "content_type": 19, "codename": "delete_spacesreview"}}, {"model": "auth.permission", "pk": 76, "fields": {"name": "Can view Отзывы на помещения", "content_type": 19, "codename": "view_spacesreview"}}, {"model": "auth.permission", "pk": 77, "fields": {"name": "Can add Изображения мероприятий", "content_type": 12, "codename": "add_imageforevents"}}, {"model": "auth.permission", "pk": 78, "fields": {"name": "Can change Изображения мероприятий", "content_type": 12, "codename": "change_imageforevents"}}, {"model": "auth.permission", "pk": 79, "fields": {"name": "Can delete Изображения мероприятий", "content_type": 12, "codename": "delete_imageforevents"}}, {"model": "auth.permission", "pk": 80, "fields": {"name": "Can view Изображения мероприятий", "content_type": 12, "codename": "view_imageforevents"}}, {"model": "auth.permission", "pk": 81, "fields": {"name": "Can add Изображения помещений", "content_type": 16, "codename": "add_imageforspaces"}}, {"model": "auth.permission", "pk": 82, "fields": {"name": "Can change Изображения помещений", "content_type": 16, "codename": "change_imageforspaces"}}, {"model": "auth.permission", "pk": 83, "fields": {"name": "Can delete Изображения помещений", "content_type": 16, "codename": "delete_imageforspaces"}}, {"model": "auth.permission", "pk": 84, "fields": {"name": "Can view Изображения помещений", "content_type": 16, "codename": "view_imageforspaces"}}, {"model": "auth.permission", "pk": 85, "fields": {"name": "Can add Мероприятия и особенности", "content_type": 20, "codename": "add_eventwithitems"}}, {"model": "auth.permission", "pk": 86, "fields": {"name": "Can change Мероприятия и особенности", "content_type": 20, "codename": "change_eventwithitems"}}, {"model": "auth.permission", "pk": 87, "fields": {"name": "Can delete Мероприятия и особенности", "content_type": 20, "codename": "delete_eventwithitems"}}, {"model": "auth.permission", "pk": 88, "fields": {"name": "Can view Мероприятия и особенности", "content_type": 20, "codename": "view_eventwithitems"}}, {"model": "auth.user", "pk": 2, "fields": {"password": "pbkdf2_sha256$1000000$MBrmawUa27VRpHPzV7xch4$Uq3f1pr9DWyrG2YGMM/McIUXcA5niM7aXjrmiVRg6JE=", "last_login": null, "is_superuser": false, "username": "Alla_Fedoseeva", "first_name": "Алла", "last_name": "Федосеева", "email": "Alla.Fedoseeva@yahoo.com", "is_staff": false, "is_active": true, "date_joined": "2025-04-29T12:13:44Z", "groups": [], "user_permissions": []}}, {"model": "auth.user", "pk": 3, "fields": {"password": "pbkdf2_sha256$1000000$kVtWzJi5tNOrIzNcJna0Fk$X1buT9KcuaBsxbkn6VSt8NAQlp5RHj1qK5zeJ+BP9AU=", "last_login": "2025-05-13T18:10:28Z", "is_superuser": true, "username": "veselovese", "first_name": "Матвей", "last_name": "Веселов", "email": "motte_vessale@mail.ru", "is_staff": true, "is_active": true, "date_joined": "2025-04-29T12:19:25Z", "groups": [], "user_permissions": []}}, {"model": "auth.user", "pk": 4, "fields": {"password": "pbkdf2_sha256$1000000$PWxt6eB4vyFpyv6bmAqLfc$8TAagVP4FXm3evmRaXTpG16gd4fszB3I90scfeBBNCg=", "last_login": null, "is_superuser": false, "username": "Roman_Zuev42", "first_name": "Роман", "last_name": "Зуев", "email": "Roman.Zuev@gmail.com", "is_staff": false, "is_active": true, "date_joined": "2025-04-29T12:20:45Z", "groups": [], "user_permissions": []}}, {"model": "auth.user", "pk": 5, "fields": {"password": "pbkdf2_sha256$1000000$Ojp6Z1ddKLWSW9HmLD8CUq$iDlqAQJMsUTsJlkrYv6VCXr2m+Fy64fSZyOXz1gJ1QI=", "last_login": null, "is_superuser": false, "username": "yuliana.noskova", "first_name": "Носкова", "last_name": "Юлиана", "email": "yuliana.noskova@hotmail.com", "is_staff": false, "is_active": true, "date_joined": "2025-04-29T12:22:38Z", "groups": [], "user_permissions": []}}, {"model": "auth.user", "pk": 6, "fields": {"password": "pbkdf2_sha256$1000000$HFCP3svGZlrcQPSnVN92w9$+TQzpXtHyua4C5osuNMR/qh2sFhHFAwcEQF1E14E66o=", "last_login": null, "is_superuser": false, "username": "milana78", "first_name": "Милана", "last_name": "Фомичева", "email": "milana78@rambler.ru", "is_staff": false, "is_active": true, "date_joined": "2025-04-29T12:24:06Z", "groups": [], "user_permissions": []}}, {"model": "auth.user", "pk": 7, "fields": {"password": "pbkdf2_sha256$1000000$kSBXsu9mAs2Qbbt7wrS4Q4$WZAya54nCI7F8f6ovY97+P4VltYGFqlevf8VMGnFksY=", "last_login": null, "is_superuser": false, "username": "ekaterina1972", "first_name": "Екатерина", "last_name": "Карандасова", "email": "ekaterina1972@outlook.com", "is_staff": false, "is_active": true, "date_joined": "2025-04-29T12:25:14Z", "groups": [], "user_permissions": []}}, {"model": "auth.user", "pk": 8, "fields": {"password": "pbkdf2_sha256$1000000$2ZfnapBq8XfXAJW6YdPASO$m3dd7sxX2VQqUMtE27StOklIE3y7+uBfUdq/KND20V4=", "last_login": null, "is_superuser": false, "username": "yuriy21111977", "first_name": "Юрий", "last_name": "Белоусов", "email": "yuriy21111977@rambler.ru", "is_staff": false, "is_active": true, "date_joined": "2025-04-29T12:25:57Z", "groups": [], "user_permissions": []}}, {"model": "auth.user", "pk": 9, "fields": {"password": "pbkdf2_sha256$1000000$h9LMJtp6iv9zkzPxDbuZkR$ZZUgfjX+sB9jx+JDJ60lepoW4tSHRR6NSSGRY2Co4aU=", "last_login": null, "is_superuser": false, "username": "kirill04071990", "first_name": "Кирилл", "last_name": "Тимашёв", "email": "kirill04071990@hotmail.com", "is_staff": false, "is_active": true, "date_joined": "2025-04-29T12:26:46Z", "groups": [], "user_permissions": []}}, {"model": "auth.user", "pk": 10, "fields": {"password": "pbkdf2_sha256$1000000$Osl7hgQNmxvR4jmbPBC451$834yPnHr+ehc9NOMUYN5csGCA3gii4uLT99BaEctS9k=", "last_login": null, "is_superuser": false, "username": "milana0803198", "first_name": "Милана", "last_name": "Усоева", "email": "milana08031989@outlook.com", "is_staff": false, "is_active": true, "date_joined": "2025-04-29T12:27:26Z", "groups": [], "user_permissions": []}}, {"model": "auth.user", "pk": 11, "fields": {"password": "pbkdf2_sha256$1000000$ZQMwnEKYnj6nVTteAhwPgB$UvWaor3c2P4x/OwjZUB2oS2zjfiB+9BopPR7+AmU7SQ=", "last_login": null, "is_superuser": false, "username": "eva1960", "first_name": "Ева", "last_name": "Моисеева", "email": "eva1960@outlook.com", "is_staff": false, "is_active": true, "date_joined": "2025-04-29T12:28:04Z", "groups": [], "user_permissions": []}}, {"model": "contenttypes.contenttype", "pk": 1, "fields": {"app_label": "admin", "model": "logentry"}}, {"model": "contenttypes.contenttype", "pk": 2, "fields": {"app_label": "auth", "model": "permission"}}, {"model": "contenttypes.contenttype", "pk": 3, "fields": {"app_label": "auth", "model": "group"}}, {"model": "contenttypes.contenttype", "pk": 4, "fields": {"app_label": "auth", "model": "user"}}, {"model": "contenttypes.contenttype", "pk": 5, "fields": {"app_label": "contenttypes", "model": "contenttype"}}, {"model": "contenttypes.contenttype", "pk": 6, "fields": {"app_label": "sessions", "model": "session"}}, {"model": "contenttypes.contenttype", "pk": 7, "fields": {"app_label": "bron", "model": "profile"}}, {"model": "contenttypes.contenttype", "pk": 8, "fields": {"app_label": "bron", "model": "building"}}, {"model": "contenttypes.contenttype", "pk": 9, "fields": {"app_label": "bron", "model": "event"}}, {"model": "contenttypes.contenttype", "pk": 10, "fields": {"app_label": "bron", "model": "iteminevents"}}, {"model": "contenttypes.contenttype", "pk": 11, "fields": {"app_label": "bron", "model": "iteminspaces"}}, {"model": "contenttypes.contenttype", "pk": 12, "fields": {"app_label": "bron", "model": "imageforevents"}}, {"model": "contenttypes.contenttype", "pk": 13, "fields": {"app_label": "bron", "model": "organizer"}}, {"model": "contenttypes.contenttype", "pk": 14, "fields": {"app_label": "bron", "model": "registration"}}, {"model": "contenttypes.contenttype", "pk": 15, "fields": {"app_label": "bron", "model": "space"}}, {"model": "contenttypes.contenttype", "pk": 16, "fields": {"app_label": "bron", "model": "imageforspaces"}}, {"model": "contenttypes.contenttype", "pk": 17, "fields": {"app_label": "bron", "model": "favourite"}}, {"model": "contenttypes.contenttype", "pk": 18, "fields": {"app_label": "bron", "model": "booking"}}, {"model": "contenttypes.contenttype", "pk": 19, "fields": {"app_label": "bron", "model": "spacesreview"}}, {"model": "contenttypes.contenttype", "pk": 20, "fields": {"app_label": "bron", "model": "eventwithitems"}}, {"model": "sessions.session", "pk": "81yqtdscrf2q5kgukqjj62m00mlues44", "fields": {"session_data": ".eJxVjDsOwjAQBe_iGln4q11Kes5gre01DiBbipMq4u4QKQW0b2beJgKtSw3r4DlMWVyEEaffLVJ6cttBflC7d5l6W-Ypyl2RBx3y1jO_rof7d1Bp1G_NCs9O-WJZefKICMyoostYWANoYNDFWcOlIMaYIhBo0hZBgSkGxPsD2wc3rg:1u9jvu:IQ8qJ0jkcR13TNzUVwuRo08XKpU1qQBKpB41o9tBsdM", "expire_date": "2025-05-13T12:19:30.238Z"}}, {"model": "sessions.session", "pk": "npsvfca04koyjv7ct5o034l21ixwjrvb", "fields": {"session_data": ".eJxVjDsOwjAQBe_iGln4q11Kes5gre01DiBbipMq4u4QKQW0b2beJgKtSw3r4DlMWVyEEaffLVJ6cttBflC7d5l6W-Ypyl2RBx3y1jO_rof7d1Bp1G_NCs9O-WJZefKICMyoostYWANoYNDFWcOlIMaYIhBo0hZBgSkGxPsD2wc3rg:1uEu5E:JGEuEPbvwO0W2Jy2Yx4aJZxKBxqorGhBG1XQB9ytuSU", "expire_date": "2025-05-27T18:10:28.643Z"}}, {"model": "bron.profile", "pk": 1, "fields": {"user": 2, "patronymic": "Артемовна", "telephone": "+79650596598", "image": "", "telegram_link": null, "org_status": false}}, {"model": "bron.profile", "pk": 2, "fields": {"user": 3, "patronymic": "Александрович", "telephone": "+79315007140", "image": "", "telegram_link": "https://t.me/motte_vessale", "org_status": true}}, {"model": "bron.profile", "pk": 3, "fields": {"user": 4, "patronymic": "Игоревич", "telephone": "+79324281243", "image": "", "telegram_link": null, "org_status": false}}, {"model": "bron.profile", "pk": 4, "fields": {"user": 5, "patronymic": "Федотовна", "telephone": "+79621738052", "image": "", "telegram_link": null, "org_status": false}}, {"model": "bron.profile", "pk": 5, "fields": {"user": 6, "patronymic": "Максимовна", "telephone": "+79432344323", "image": "", "telegram_link": null, "org_status": false}}, {"model": "bron.profile", "pk": 6, "fields": {"user": 7, "patronymic": "Саввановна", "telephone": "+79453234234", "image": "", "telegram_link": null, "org_status": false}}, {"model": "bron.profile", "pk": 7, "fields": {"user": 8, "patronymic": "Емельянович", "telephone": "+79432342342", "image": "", "telegram_link": null, "org_status": false}}, {"model": "bron.profile", "pk": 8, "fields": {"user": 9, "patronymic": "Петрович", "telephone": "+79342234234", "image": "", "telegram_link": null, "org_status": true}}, {"model": "bron.profile", "pk": 9, "fields": {"user": 10, "patronymic": "Нифонтовна", "telephone": "+79325473534", "image": "", "telegram_link": null, "org_status": false}}, {"model": "bron.profile", "pk": 10, "fields": {"user": 11, "patronymic": "Лаврентьевна", "telephone": "+79325465364", "image": "", "telegram_link": null, "org_status": false}}, {"model": "bron.building", "pk": 1, "fields": {"city": "Казань", "street": "Тверская", "house": "15", "add_date": "2025-04-30"}}, {"model": "bron.building", "pk": 2, "fields": {"city": "Москва", "street": "Арбат", "house": "24", "add_date": "2025-04-30"}}, {"model": "bron.building", "pk": 3, "fields": {"city": "Санкт-Петербург", "street": "Кутузовский проспект", "house": "32", "add_date": "2025-04-30"}}, {"model": "bron.building", "pk": 4, "fields": {"city": "Москва", "street": "Ленинский проспект", "house": "42", "add_date": "2025-04-30"}}, {"model": "bron.building", "pk": 5, "fields": {"city": "Москва", "street": "Профсоюзная", "house": "56", "add_date": "2025-04-30"}}, {"model": "bron.building", "pk": 6, "fields": {"city": "Сокол", "street": "Садовое кольцо", "house": "17", "add_date": "2025-04-30"}}, {"model": "bron.building", "pk": 7, "fields": {"city": "Пермь", "street": "Пятницкая", "house": "23", "add_date": "2025-04-30"}}, {"model": "bron.building", "pk": 8, "fields": {"city": "Санкт-Петербург", "street": "Пречистенка", "house": "19", "add_date": "2025-04-30"}}, {"model": "bron.building", "pk": 9, "fields": {"city": "Москва", "street": "Остоженка", "house": "7", "add_date": "2025-04-30"}}, {"model": "bron.building", "pk": 10, "fields": {"city": "Санкт-Петербург", "street": "Рублёвское шоссе", "house": "5", "add_date": "2025-04-30"}}, {"model": "bron.iteminspaces", "pk": 1, "fields": {"name": "Кулер с водой", "add_date": "2025-04-30"}}, {"model": "bron.iteminspaces", "pk": 2, "fields": {"name": "Проектор", "add_date": "2025-04-30"}}, {"model": "bron.iteminspaces", "pk": 3, "fields": {"name": "Электронная доска", "add_date": "2025-04-30"}}, {"model": "bron.iteminspaces", "pk": 4, "fields": {"name": "Кондиционер", "add_date": "2025-04-30"}}, {"model": "bron.iteminspaces", "pk": 5, "fields": {"name": "Компьютеры", "add_date": "2025-04-30"}}, {"model": "bron.iteminspaces", "pk": 6, "fields": {"name": "Флипчарт", "add_date": "2025-04-30"}}, {"model": "bron.iteminspaces", "pk": 7, "fields": {"name": "Принтер", "add_date": "2025-04-30"}}, {"model": "bron.iteminspaces", "pk": 9, "fields": {"name": "Микрофон и колонки", "add_date": "2025-04-30"}}, {"model": "bron.iteminspaces", "pk": 10, "fields": {"name": "Телевизор", "add_date": "2025-04-30"}}, {"model": "bron.iteminspaces", "pk": 11, "fields": {"name": "Интерактивный стол", "add_date": "2025-04-30"}}, {"model": "bron.space", "pk": 1, "fields": {"name": "Конференц-зал", "description": "Зал для деловых встреч с панорамным видом\"", "capacity": 50, "building_id": 1, "room_number": "101", "add_date": "2025-04-30T00:00:00Z", "is_visiable": true, "items_id": [1, 2, 7]}}, {"model": "bron.space", "pk": 2, "fields": {"name": "Творческая мастерская", "description": "Пространство для художественных мастер-классов", "capacity": 20, "building_id": 2, "room_number": "205А", "add_date": "2025-04-30T00:00:00Z", "is_visiable": true, "items_id": [3, 9]}}, {"model": "bron.space", "pk": 3, "fields": {"name": "Кинозал", "description": "Кинопоказы в формате 4K с Dolby Atmos", "capacity": 30, "building_id": 3, "room_number": "1", "add_date": "2025-04-30T00:00:00Z", "is_visiable": true, "items_id": [1, 2, 9, 10]}}, {"model": "bron.space", "pk": 4, "fields": {"name": "Бизнес-лаунж", "description": "Премиальное пространство для переговоров", "capacity": 12, "building_id": 4, "room_number": "LB3", "add_date": "2025-04-30T00:00:00Z", "is_visiable": true, "items_id": [1, 3, 4, 6]}}, {"model": "bron.space", "pk": 5, "fields": {"name": "Танцевальный зал", "description": "Зеркальный зал с профессиональным покрытием", "capacity": 25, "building_id": 5, "room_number": "69", "add_date": "2025-04-30T00:00:00Z", "is_visiable": true, "items_id": [1, 4, 9]}}, {"model": "bron.space", "pk": 6, "fields": {"name": "Коворкинг", "description": "Открытое рабочее пространство\"", "capacity": 40, "building_id": 6, "room_number": "000", "add_date": "2025-04-30T00:00:00Z", "is_visiable": true, "items_id": [1, 4, 5, 7]}}, {"model": "bron.space", "pk": 7, "fields": {"name": "Лекторий", "description": "Аудитория для образовательных мероприятий", "capacity": 60, "building_id": 7, "room_number": "301", "add_date": "2025-04-30T00:00:00Z", "is_visiable": false, "items_id": [3, 6, 10]}}, {"model": "bron.space", "pk": 8, "fields": {"name": "Фотостудия", "description": "Профессиональная студия с оборудованием", "capacity": 14, "building_id": 8, "room_number": "А345", "add_date": "2025-04-30T00:00:00Z", "is_visiable": true, "items_id": [2, 4]}}, {"model": "bron.space", "pk": 9, "fields": {"name": "Кулинарная студия", "description": "Кухня для мастер-классов с островом", "capacity": 10, "building_id": 9, "room_number": "К100", "add_date": "2025-04-30T00:00:00Z", "is_visiable": true, "items_id": [3, 10]}}, {"model": "bron.space", "pk": 10, "fields": {"name": "Актовый зал", "description": "Большое пространство для мероприятий", "capacity": 200, "building_id": 10, "room_number": "АЗ-777", "add_date": "2025-04-30T00:00:00Z", "is_visiable": true, "items_id": [2, 4, 9]}}, {"model": "bron.imageforspaces", "pk": 1, "fields": {"image": "spaces/Снимок_экрана_2025-04-16_115639.png", "space_id": 6, "add_date": "2025-05-02", "cover": true}}, {"model": "bron.imageforspaces", "pk": 2, "fields": {"image": "spaces/Снимок_экрана_2025-04-15_215606.png", "space_id": 1, "add_date": "2025-05-02", "cover": true}}, {"model": "bron.imageforspaces", "pk": 3, "fields": {"image": "spaces/Снимок_экрана_2025-02-08_194159.png", "space_id": 4, "add_date": "2025-05-02", "cover": true}}, {"model": "bron.spacesreview", "pk": 12, "fields": {"review": "Отличный конференц-зал с современным оборудованием. Все понравилось!", "user_id": 2, "space_id": 1, "add_date": "2025-05-25T18:09:15.804Z", "is_visiable": true}}, {"model": "bron.spacesreview", "pk": 13, "fields": {"review": "Уютная творческая атмосфера, идеально подходит для мастер-классов", "user_id": 2, "space_id": 2, "add_date": "2025-05-25T18:09:29.452Z", "is_visiable": true}}, {"model": "bron.spacesreview", "pk": 14, "fields": {"review": "Кинозал с отличной акустикой, но немного тесноватые кресла", "user_id": 7, "space_id": 3, "add_date": "2025-05-25T18:09:40.311Z", "is_visiable": true}}, {"model": "bron.spacesreview", "pk": 15, "fields": {"review": "Премиальный интерьер, все продумано до мелочей. Рекомендую для важных встреч!", "user_id": 9, "space_id": 4, "add_date": "2025-05-25T18:09:58.102Z", "is_visiable": true}}, {"model": "bron.spacesreview", "pk": 16, "fields": {"review": "Отличное покрытие для танцев, но в углах скользко. Будьте осторожны!", "user_id": 3, "space_id": 5, "add_date": "2025-05-25T18:10:09.734Z", "is_visiable": true}}, {"model": "bron.spacesreview", "pk": 17, "fields": {"review": "Удобное рабочее пространство, но не хватает розеток у некоторых мест", "user_id": 2, "space_id": 4, "add_date": "2025-05-25T18:10:23.365Z", "is_visiable": true}}, {"model": "bron.spacesreview", "pk": 18, "fields": {"review": "Идеальная аудитория для лекций - хорошая видимость и акустика", "user_id": 3, "space_id": 7, "add_date": "2025-05-25T18:10:32.420Z", "is_visiable": true}}, {"model": "bron.spacesreview", "pk": 19, "fields": {"review": "Профессиональное оборудование для фотосессий. Очень доволен результатом!", "user_id": 5, "space_id": 8, "add_date": "2025-05-25T18:10:45.061Z", "is_visiable": true}}, {"model": "bron.spacesreview", "pk": 20, "fields": {"review": "Отлично оборудованная кухня, все необходимое под рукой", "user_id": 8, "space_id": 9, "add_date": "2025-05-25T18:10:55.776Z", "is_visiable": true}}, {"model": "bron.spacesreview", "pk": 21, "fields": {"review": "VR-оборудование устаревшее, но пространство организовано хорошо", "user_id": 3, "space_id": 10, "add_date": "2025-05-25T18:11:06.497Z", "is_visiable": true}}, {"model": "bron.booking", "pk": 11, "fields": {"user_id": 4, "space_id": 10, "date_from": "2025-05-30T13:30:00Z", "date_to": "2025-05-31T12:00:00Z", "book_date": "2025-05-25T13:21:02.313Z", "status": "NB"}}, {"model": "bron.booking", "pk": 12, "fields": {"user_id": 2, "space_id": 6, "date_from": "2025-07-08T18:00:00Z", "date_to": "2025-07-08T21:00:00Z", "book_date": "2025-05-25T13:40:33.613Z", "status": "C"}}, {"model": "bron.booking", "pk": 13, "fields": {"user_id": 6, "space_id": 2, "date_from": "2025-08-25T12:00:00Z", "date_to": "2025-08-25T18:00:00Z", "book_date": "2025-05-25T13:41:08.227Z", "status": "C"}}, {"model": "bron.booking", "pk": 14, "fields": {"user_id": 3, "space_id": 10, "date_from": "2025-07-08T12:00:00Z", "date_to": "2025-07-13T12:00:00Z", "book_date": "2025-05-25T13:42:29.067Z", "status": "CBC"}}, {"model": "bron.booking", "pk": 15, "fields": {"user_id": 3, "space_id": 10, "date_from": "2025-07-07T12:00:00Z", "date_to": "2025-07-13T12:00:00Z", "book_date": "2025-05-25T13:42:48.728Z", "status": "C"}}, {"model": "bron.booking", "pk": 16, "fields": {"user_id": 8, "space_id": 9, "date_from": "2025-08-04T18:00:00Z", "date_to": "2025-08-04T22:00:00Z", "book_date": "2025-05-25T13:44:48.814Z", "status": "NB"}}, {"model": "bron.booking", "pk": 17, "fields": {"user_id": 11, "space_id": 10, "date_from": "2025-08-29T12:00:00Z", "date_to": "2025-08-31T18:00:00Z", "book_date": "2025-05-25T13:45:12.539Z", "status": "NB"}}, {"model": "bron.booking", "pk": 18, "fields": {"user_id": 8, "space_id": 2, "date_from": "2025-07-01T12:00:00Z", "date_to": "2025-07-01T18:00:00Z", "book_date": "2025-05-25T18:02:28.519Z", "status": "C"}}, {"model": "bron.booking", "pk": 19, "fields": {"user_id": 11, "space_id": 4, "date_from": "2025-07-11T12:00:00Z", "date_to": "2025-07-17T18:00:00Z", "book_date": "2025-05-25T18:02:53.811Z", "status": "NB"}}, {"model": "bron.booking", "pk": 20, "fields": {"user_id": 3, "space_id": 8, "date_from": "2025-07-28T10:00:00Z", "date_to": "2025-07-28T18:00:00Z", "book_date": "2025-05-25T18:03:22.548Z", "status": "C"}}, {"model": "bron.organizer", "pk": 1, "fields": {"name": "Центр культурных инициатив", "description": "Организация городских фестивалей и выставок", "org_id": 3, "charter": "", "add_date": "2025-04-30T00:00:00Z"}}, {"model": "bron.organizer", "pk": 2, "fields": {"name": "Арт-пространство \"Квадрат\"", "description": "Площадка для современных художников и перформансов", "org_id": 9, "charter": "", "add_date": "2025-04-30T00:00:00Z"}}, {"model": "bron.organizer", "pk": 3, "fields": {"name": "Агентство \"Яркие события\"", "description": "Организация корпоративных мероприятий", "org_id": 3, "charter": "", "add_date": "2025-04-30T00:00:00Z"}}, {"model": "bron.organizer", "pk": 4, "fields": {"name": "Музей современного искусства", "description": "Проведение выставок и образовательных программ", "org_id": 3, "charter": "", "add_date": "2025-04-30T00:00:00Z"}}, {"model": "bron.organizer", "pk": 5, "fields": {"name": "Театральная студия \"Маска\"", "description": "Организация спектаклей и театральных фестивалей", "org_id": 3, "charter": "", "add_date": "2025-04-30T00:00:00Z"}}, {"model": "bron.organizer", "pk": 6, "fields": {"name": "Гастрономическая ассоциация", "description": "Проведение фуд-фестивалей и мастер-классов", "org_id": 3, "charter": "orgs/docs/event_2_5.pdf", "add_date": "2025-04-30T00:00:00Z"}}, {"model": "bron.organizer", "pk": 7, "fields": {"name": "Фонд поддержки молодых музыкантов", "description": "Организация концертов и конкурсов", "org_id": 3, "charter": "", "add_date": "2025-04-30T00:00:00Z"}}, {"model": "bron.organizer", "pk": 8, "fields": {"name": "Кинообъединение \"Новый взгляд\"", "description": "Проведение кинопоказов и фестивалей", "org_id": 3, "charter": "", "add_date": "2025-04-30T00:00:00Z"}}, {"model": "bron.organizer", "pk": 9, "fields": {"name": "Спортивный комитет города", "description": "Организация спортивных мероприятий", "org_id": 3, "charter": "", "add_date": "2025-04-30T00:00:00Z"}}, {"model": "bron.organizer", "pk": 10, "fields": {"name": "Литературное общество", "description": "Проведение поэтических вечеров и книжных ярмарок", "org_id": 3, "charter": "", "add_date": "2025-04-30T00:00:00Z"}}, {"model": "bron.iteminevents", "pk": 11, "fields": {"name": "Вокал", "add_date": "2025-04-30"}}, {"model": "bron.iteminevents", "pk": 12, "fields": {"name": "Танцы", "add_date": "2025-04-30"}}, {"model": "bron.iteminevents", "pk": 13, "fields": {"name": "Театральное представление", "add_date": "2025-04-30"}}, {"model": "bron.iteminevents", "pk": 14, "fields": {"name": "Художественная выставка", "add_date": "2025-04-30"}}, {"model": "bron.iteminevents", "pk": 15, "fields": {"name": "Мастер-класс", "add_date": "2025-04-30"}}, {"model": "bron.iteminevents", "pk": 16, "fields": {"name": "Кинопоказ", "add_date": "2025-04-30"}}, {"model": "bron.iteminevents", "pk": 17, "fields": {"name": "Наука", "add_date": "2025-04-30"}}, {"model": "bron.iteminevents", "pk": 18, "fields": {"name": "Ярмарка", "add_date": "2025-04-30"}}, {"model": "bron.iteminevents", "pk": 19, "fields": {"name": "Спорт", "add_date": "2025-04-30"}}, {"model": "bron.iteminevents", "pk": 20, "fields": {"name": "Стендап", "add_date": "2025-04-30"}}, {"model": "bron.event", "pk": 1, "fields": {"name": "Стендап-вечер", "description": "", "date": "2025-05-01T22:00:00Z", "space_id": 6, "org_id": 3, "attachment": "", "add_date": "2025-05-25T17:52:21.944Z", "is_visiable": true}}, {"model": "bron.event", "pk": 2, "fields": {"name": "Выставка современного искусства", "description": "Работы молодых художников", "date": "2025-07-07T09:00:00Z", "space_id": 1, "org_id": 1, "attachment": "", "add_date": "2025-05-25T17:53:22.246Z", "is_visiable": false}}, {"model": "bron.event", "pk": 3, "fields": {"name": "Научная конференция по AI", "description": "Доклады ведущих специалистов", "date": "2025-06-19T12:00:00Z", "space_id": 7, "org_id": 4, "attachment": "", "add_date": "2025-05-25T17:54:56.231Z", "is_visiable": true}}, {"model": "bron.event", "pk": 4, "fields": {"name": "Мастер-класс по живописи", "description": "Техники акварели для начинающих", "date": "2025-06-09T10:00:00Z", "space_id": 2, "org_id": 4, "attachment": "events/docs/event_3.pdf", "add_date": "2025-05-25T17:55:32.031Z", "is_visiable": true}}, {"model": "bron.event", "pk": 5, "fields": {"name": "2Кинопоказ короткометражек", "description": "Фестиваль независимого кино впервые в России", "date": "2025-05-30T23:12:00Z", "space_id": 3, "org_id": 8, "attachment": "", "add_date": "2025-05-25T17:56:06.484Z", "is_visiable": false}}, {"model": "bron.event", "pk": 6, "fields": {"name": "Поэтический вечер", "description": "Чтение стихов современных поэтов", "date": "2025-07-31T19:30:00Z", "space_id": 4, "org_id": 10, "attachment": "", "add_date": "2025-05-25T17:57:06.736Z", "is_visiable": true}}, {"model": "bron.event", "pk": 7, "fields": {"name": "Танцевальный баттл", "description": "Соревнования по хип-хопу", "date": "2025-07-01T10:00:00Z", "space_id": 5, "org_id": 3, "attachment": "", "add_date": "2025-05-25T17:57:48.733Z", "is_visiable": true}}, {"model": "bron.event", "pk": 8, "fields": {"name": "Фотовыставка \"Городские пейзажи\"", "description": "Работы фотохудожников", "date": "2025-06-23T12:00:00Z", "space_id": 8, "org_id": 1, "attachment": "", "add_date": "2025-05-25T17:58:50.379Z", "is_visiable": true}}, {"model": "bron.event", "pk": 9, "fields": {"name": "Кулинарный мастер-класс", "description": "Приготовление итальянской пасты", "date": "2025-08-18T11:00:00Z", "space_id": 9, "org_id": 6, "attachment": "", "add_date": "2025-05-25T17:59:38.270Z", "is_visiable": true}}, {"model": "bron.event", "pk": 10, "fields": {"name": "Турнир по настольным играм", "description": "Соревнования по стратегическим играм", "date": "2025-07-14T12:00:00Z", "space_id": 5, "org_id": 3, "attachment": "", "add_date": "2025-05-25T18:00:27.797Z", "is_visiable": true}}, {"model": "bron.eventwithitems", "pk": 1, "fields": {"event": 1, "item": 20, "add_date": "2025-05-25"}}, {"model": "bron.eventwithitems", "pk": 2, "fields": {"event": 2, "item": 12, "add_date": "2025-05-25"}}, {"model": "bron.eventwithitems", "pk": 3, "fields": {"event": 2, "item": 15, "add_date": "2025-05-25"}}, {"model": "bron.eventwithitems", "pk": 4, "fields": {"event": 2, "item": 14, "add_date": "2025-05-25"}}, {"model": "bron.eventwithitems", "pk": 5, "fields": {"event": 3, "item": 17, "add_date": "2025-05-25"}}, {"model": "bron.eventwithitems", "pk": 6, "fields": {"event": 4, "item": 15, "add_date": "2025-05-25"}}, {"model": "bron.eventwithitems", "pk": 7, "fields": {"event": 5, "item": 16, "add_date": "2025-05-25"}}, {"model": "bron.eventwithitems", "pk": 8, "fields": {"event": 6, "item": 13, "add_date": "2025-05-25"}}, {"model": "bron.eventwithitems", "pk": 9, "fields": {"event": 6, "item": 18, "add_date": "2025-05-25"}}, {"model": "bron.eventwithitems", "pk": 10, "fields": {"event": 7, "item": 12, "add_date": "2025-05-25"}}, {"model": "bron.eventwithitems", "pk": 11, "fields": {"event": 8, "item": 14, "add_date": "2025-05-25"}}, {"model": "bron.eventwithitems", "pk": 12, "fields": {"event": 8, "item": 17, "add_date": "2025-05-25"}}, {"model": "bron.eventwithitems", "pk": 13, "fields": {"event": 9, "item": 15, "add_date": "2025-05-25"}}, {"model": "bron.eventwithitems", "pk": 14, "fields": {"event": 10, "item": 15, "add_date": "2025-05-25"}}, {"model": "bron.eventwithitems", "pk": 15, "fields": {"event": 10, "item": 18, "add_date": "2025-05-25"}}, {"model": "bron.registration", "pk": 12, "fields": {"user_id": 3, "event_id": 5, "reg_date": "2025-05-25T18:06:26.957Z", "status": "CBC"}}, {"model": "bron.registration", "pk": 13, "fields": {"user_id": 2, "event_id": 4, "reg_date": "2025-05-25T18:06:36.107Z", "status": "NR"}}, {"model": "bron.registration", "pk": 14, "fields": {"user_id": 5, "event_id": 9, "reg_date": "2025-05-25T18:06:42.408Z", "status": "C"}}, {"model": "bron.registration", "pk": 15, "fields": {"user_id": 5, "event_id": 6, "reg_date": "2025-05-25T18:06:48.734Z", "status": "C"}}, {"model": "bron.registration", "pk": 16, "fields": {"user_id": 3, "event_id": 5, "reg_date": "2025-05-25T18:06:55.607Z", "status": "C"}}, {"model": "bron.registration", "pk": 17, "fields": {"user_id": 4, "event_id": 10, "reg_date": "2025-05-25T18:07:00.410Z", "status": "NR"}}, {"model": "bron.registration", "pk": 18, "fields": {"user_id": 7, "event_id": 10, "reg_date": "2025-05-25T18:07:07.241Z", "status": "C"}}, {"model": "bron.registration", "pk": 19, "fields": {"user_id": 4, "event_id": 3, "reg_date": "2025-05-25T18:07:12.834Z", "status": "NR"}}, {"model": "bron.registration", "pk": 20, "fields": {"user_id": 10, "event_id": 1, "reg_date": "2025-05-25T18:07:18.656Z", "status": "C"}}, {"model": "bron.registration", "pk": 21, "fields": {"user_id": 8, "event_id": 7, "reg_date": "2025-05-25T18:07:32.895Z", "status": "C"}}, {"model": "bron.favourite", "pk": 12, "fields": {"user_id": 2, "event_id": 1, "space_id": null, "add_date": "2025-05-25T18:03:57.812Z"}}, {"model": "bron.favourite", "pk": 13, "fields": {"user_id": 10, "event_id": 8, "space_id": null, "add_date": "2025-05-25T18:04:01.717Z"}}, {"model": "bron.favourite", "pk": 14, "fields": {"user_id": 3, "event_id": null, "space_id": 2, "add_date": "2025-05-25T18:04:06.245Z"}}, {"model": "bron.favourite", "pk": 15, "fields": {"user_id": 3, "event_id": null, "space_id": 10, "add_date": "2025-05-25T18:04:13.182Z"}}, {"model": "bron.favourite", "pk": 16, "fields": {"user_id": 4, "event_id": null, "space_id": 10, "add_date": "2025-05-25T18:04:18.586Z"}}, {"model": "bron.favourite", "pk": 17, "fields": {"user_id": 7, "event_id": 5, "space_id": null, "add_date": "2025-05-25T18:04:22.089Z"}}, {"model": "bron.favourite", "pk": 18, "fields": {"user_id": 8, "event_id": 5, "space_id": null, "add_date": "2025-05-25T18:04:28.206Z"}}, {"model": "bron.favourite", "pk": 19, "fields": {"user_id": 3, "event_id": null, "space_id": 5, "add_date": "2025-05-25T18:04:35.777Z"}}, {"model": "bron.favourite", "pk": 20, "fields": {"user_id": 2, "event_id": 4, "space_id": null, "add_date": "2025-05-25T18:04:43.087Z"}}, {"model": "bron.favourite", "pk": 21, "fields": {"user_id": 10, "event_id": null, "space_id": 10, "add_date": "2025-05-25T18:05:05.651Z"}}, {"model": "bron.favourite", "pk": 22, "fields": {"user_id": 3, "event_id": 5, "space_id": null, "add_date": "2025-05-25T18:05:20.303Z"}}]